champion_name,role,matchup_type,counter_champion,matchup_winrate,rank
Aatrox,JUNGLE,strong_against,Udyr,66.00%,1
Aatrox,JUNGLE,strong_against,Jayce,62.50%,2
Aatrox,JUNGLE,strong_against,Zyra,61.76%,3
Aatrox,JUNGLE,strong_against,Diana,58.93%,4
Aatrox,JUNGLE,strong_against,Hecarim,57.63%,5
Aatrox,JUNGLE,strong_against,Briar,56.79%,6
Aatrox,JUNGLE,strong_against,Viego,56.58%,7
Aatrox,JUNGLE,strong_against,Rengar,56.47%,8
Aatrox,JUNGLE,strong_against,Kha'Zix,56.12%,9
Aatrox,JUNGLE,strong_against,Talon,55.00%,10
Aatrox,JUNGLE,weak_against,Zac,31.25%,1
Aatrox,JUNGLE,weak_against,Warwick,39.13%,2
Aatrox,JUNGLE,weak_against,Xin Zhao,42.86%,3
Aatrox,JUNGLE,weak_against,Ekko,43.55%,4
Aatrox,JUNGLE,weak_against,Elise,45.00%,5
Aatrox,JUNGLE,weak_against,Kayn,45.45%,6
Aatrox,JUNGLE,weak_against,Naafiri,45.76%,7
Aatrox,JUNGLE,weak_against,Sejuani,45.95%,8
Aatrox,JUNGLE,weak_against,Bel'Veth,46.30%,9
Aatrox,JUNGLE,weak_against,Lillia,47.27%,10
Aatrox,TOP,strong_against,Trundle,61.59%,1
Aatrox,TOP,strong_against,Vladimir,61.45%,2
Aatrox,TOP,strong_against,Akali,55.71%,3
Aatrox,TOP,strong_against,Sion,54.26%,4
Aatrox,TOP,strong_against,Gragas,53.59%,5
Aatrox,TOP,strong_against,Tahm Kench,53.57%,6
Aatrox,TOP,strong_against,Illaoi,53.40%,7
Aatrox,TOP,strong_against,Kayle,53.10%,8
Aatrox,TOP,strong_against,Olaf,52.94%,9
Aatrox,TOP,strong_against,Sett,52.70%,10
Aatrox,TOP,weak_against,Riven,41.77%,1
Aatrox,TOP,weak_against,Singed,42.35%,2
Aatrox,TOP,weak_against,Pantheon,45.10%,3
Aatrox,TOP,weak_against,Yorick,45.54%,4
Aatrox,TOP,weak_against,Ambessa,45.83%,5
Aatrox,TOP,weak_against,Malphite,46.10%,6
Aatrox,TOP,weak_against,Kled,46.45%,7
Aatrox,TOP,weak_against,Gwen,46.52%,8
Aatrox,TOP,weak_against,Mordekaiser,46.85%,9
Aatrox,TOP,weak_against,Urgot,47.08%,10
Ahri,MID,strong_against,Aurelion Sol,61.79%,1
Ahri,MID,strong_against,Galio,57.11%,2
Ahri,MID,strong_against,Azir,55.98%,3
Ahri,MID,strong_against,Ryze,54.74%,4
Ahri,MID,strong_against,Yone,53.82%,5
Ahri,MID,strong_against,Swain,53.57%,6
Ahri,MID,strong_against,Locke,53.41%,7
Ahri,MID,strong_against,Vel'Koz,53.33%,8
Ahri,MID,strong_against,Gwen,53.28%,9
Ahri,MID,strong_against,Cassiopeia,53.22%,10
Ahri,MID,weak_against,Taliyah,40.72%,1
Ahri,MID,weak_against,Naafiri,41.41%,2
Ahri,MID,weak_against,Gangplank,43.04%,3
Ahri,MID,weak_against,Talon,46.22%,4
Ahri,MID,weak_against,Zoe,46.87%,5
Ahri,MID,weak_against,Jayce,47.12%,6
Ahri,MID,weak_against,Akshan,47.16%,7
Ahri,MID,weak_against,Brand,47.37%,8
Ahri,MID,weak_against,Annie,47.68%,9
Ahri,MID,weak_against,Veigar,47.98%,10
Akali,MID,strong_against,Orianna,58.75%,1
Akali,MID,strong_against,Naafiri,56.14%,2
Akali,MID,strong_against,Ekko,55.79%,3
Akali,MID,strong_against,Locke,55.37%,4
Akali,MID,strong_against,Gwen,55.13%,5
Akali,MID,strong_against,Fizz,54.95%,6
Akali,MID,strong_against,Cassiopeia,54.55%,7
Akali,MID,strong_against,Annie,54.43%,8
Akali,MID,strong_against,Vladimir,53.38%,9
Akali,MID,strong_against,Aurora,53.38%,10
Akali,MID,weak_against,Gangplank,37.78%,1
Akali,MID,weak_against,Vex,41.85%,2
Akali,MID,weak_against,Pantheon,42.31%,3
Akali,MID,weak_against,Lissandra,42.33%,4
Akali,MID,weak_against,Riven,42.86%,5
Akali,MID,weak_against,Swain,44.68%,6
Akali,MID,weak_against,Qiyana,44.98%,7
Akali,MID,weak_against,Azir,45.07%,8
Akali,MID,weak_against,Talon,45.45%,9
Akali,MID,weak_against,Twisted Fate,45.56%,10
Akali,TOP,strong_against,Wukong,67.57%,1
Akali,TOP,strong_against,Kayle,60.29%,2
Akali,TOP,strong_against,Vayne,59.29%,3
Akali,TOP,strong_against,Mordekaiser,58.02%,4
Akali,TOP,strong_against,Ryze,56.76%,5
Akali,TOP,strong_against,Varus,55.88%,6
Akali,TOP,strong_against,Gragas,55.32%,7
Akali,TOP,strong_against,K'Sante,55.14%,8
Akali,TOP,strong_against,Teemo,53.99%,9
Akali,TOP,strong_against,Pantheon,53.68%,10
Akali,TOP,weak_against,Kled,36.36%,1
Akali,TOP,weak_against,Anivia,40.00%,2
Akali,TOP,weak_against,Sion,40.86%,3
Akali,TOP,weak_against,Urgot,42.03%,4
Akali,TOP,weak_against,Nasus,42.42%,5
Akali,TOP,weak_against,Volibear,42.70%,6
Akali,TOP,weak_against,Ornn,42.86%,7
Akali,TOP,weak_against,Cho'Gath,43.06%,8
Akali,TOP,weak_against,Dr. Mundo,43.51%,9
Akali,TOP,weak_against,Kennen,43.68%,10
Akshan,MID,strong_against,Mel,67.21%,1
Akshan,MID,strong_against,Ekko,61.76%,2
Akshan,MID,strong_against,Nasus,58.57%,3
Akshan,MID,strong_against,Annie,57.53%,4
Akshan,MID,strong_against,Talon,56.90%,5
Akshan,MID,strong_against,Naafiri,56.76%,6
Akshan,MID,strong_against,Taliyah,55.77%,7
Akshan,MID,strong_against,Orianna,55.29%,8
Akshan,MID,strong_against,Zed,55.12%,9
Akshan,MID,strong_against,LeBlanc,54.55%,10
Akshan,MID,weak_against,Yasuo,39.75%,1
Akshan,MID,weak_against,Malphite,40.98%,2
Akshan,MID,weak_against,Qiyana,41.23%,3
Akshan,MID,weak_against,Vex,41.96%,4
Akshan,MID,weak_against,Cassiopeia,42.86%,5
Akshan,MID,weak_against,Diana,43.68%,6
Akshan,MID,weak_against,Vladimir,45.53%,7
Akshan,MID,weak_against,Locke,46.00%,8
Akshan,MID,weak_against,Lissandra,46.34%,9
Akshan,MID,weak_against,Kassadin,46.48%,10
Alistar,SUPPORT,strong_against,Hwei,59.09%,1
Alistar,SUPPORT,strong_against,Fiddlesticks,58.82%,2
Alistar,SUPPORT,strong_against,Taric,56.91%,3
Alistar,SUPPORT,strong_against,Pantheon,56.58%,4
Alistar,SUPPORT,strong_against,Zoe,56.52%,5
Alistar,SUPPORT,strong_against,Yuumi,56.33%,6
Alistar,SUPPORT,strong_against,Elise,56.00%,7
Alistar,SUPPORT,strong_against,Zyra,55.56%,8
Alistar,SUPPORT,strong_against,Shaco,55.29%,9
Alistar,SUPPORT,strong_against,Rakan,55.15%,10
Alistar,SUPPORT,weak_against,Vel'Koz,42.50%,1
Alistar,SUPPORT,weak_against,Renata Glasc,43.37%,2
Alistar,SUPPORT,weak_against,Galio,44.90%,3
Alistar,SUPPORT,weak_against,Karma,45.07%,4
Alistar,SUPPORT,weak_against,Soraka,45.79%,5
Alistar,SUPPORT,weak_against,Lux,46.23%,6
Alistar,SUPPORT,weak_against,Brand,46.41%,7
Alistar,SUPPORT,weak_against,Senna,46.46%,8
Alistar,SUPPORT,weak_against,Sona,46.63%,9
Alistar,SUPPORT,weak_against,Tahm Kench,47.70%,10
Ambessa,JUNGLE,strong_against,Xin Zhao,70.27%,1
Ambessa,JUNGLE,strong_against,Warwick,61.11%,2
Ambessa,JUNGLE,strong_against,Elise,59.38%,3
Ambessa,JUNGLE,strong_against,Viego,58.73%,4
Ambessa,JUNGLE,strong_against,Briar,55.77%,5
Ambessa,JUNGLE,strong_against,Bel'Veth,55.32%,6
Ambessa,JUNGLE,strong_against,Shaco,53.45%,7
Ambessa,JUNGLE,strong_against,Nocturne,52.63%,8
Ambessa,JUNGLE,strong_against,Graves,52.56%,9
Ambessa,JUNGLE,strong_against,Talon,51.65%,10
Ambessa,JUNGLE,weak_against,Rengar,33.80%,1
Ambessa,JUNGLE,weak_against,Wukong,41.27%,2
Ambessa,JUNGLE,weak_against,Kayn,42.42%,3
Ambessa,JUNGLE,weak_against,Zac,45.45%,4
Ambessa,JUNGLE,weak_against,Hecarim,45.79%,5
Ambessa,JUNGLE,weak_against,Lillia,45.95%,6
Ambessa,JUNGLE,weak_against,Nidalee,46.00%,7
Ambessa,JUNGLE,weak_against,Vi,46.25%,8
Ambessa,JUNGLE,weak_against,Kha'Zix,47.62%,9
Ambessa,JUNGLE,weak_against,Lee Sin,47.81%,10
Ambessa,TOP,strong_against,Ryze,68.18%,1
Ambessa,TOP,strong_against,Dr. Mundo,57.51%,2
Ambessa,TOP,strong_against,Gwen,56.85%,3
Ambessa,TOP,strong_against,Vladimir,55.77%,4
Ambessa,TOP,strong_against,Mordekaiser,54.64%,5
Ambessa,TOP,strong_against,Jax,54.25%,6
Ambessa,TOP,strong_against,Trundle,54.22%,7
Ambessa,TOP,strong_against,Aatrox,54.05%,8
Ambessa,TOP,strong_against,Sion,54.00%,9
Ambessa,TOP,strong_against,Vayne,52.68%,10
Ambessa,TOP,weak_against,Heimerdinger,40.00%,1
Ambessa,TOP,weak_against,Kled,41.00%,2
Ambessa,TOP,weak_against,Kennen,42.24%,3
Ambessa,TOP,weak_against,Singed,43.14%,4
Ambessa,TOP,weak_against,Shen,43.40%,5
Ambessa,TOP,weak_against,Poppy,43.82%,6
Ambessa,TOP,weak_against,Pantheon,43.88%,7
Ambessa,TOP,weak_against,Gragas,44.36%,8
Ambessa,TOP,weak_against,Kayle,44.71%,9
Ambessa,TOP,weak_against,Yasuo,45.20%,10
Amumu,JUNGLE,strong_against,Volibear,67.65%,1
Amumu,JUNGLE,strong_against,Quinn,65.71%,2
Amumu,JUNGLE,strong_against,Naafiri,57.00%,3
Amumu,JUNGLE,strong_against,Nunu & Willump,56.86%,4
Amumu,JUNGLE,strong_against,Elise,56.86%,5
Amumu,JUNGLE,strong_against,Hecarim,56.60%,6
Amumu,JUNGLE,strong_against,Wukong,56.44%,7
Amumu,JUNGLE,strong_against,Rammus,55.00%,8
Amumu,JUNGLE,strong_against,Diana,54.76%,9
Amumu,JUNGLE,strong_against,Nidalee,54.76%,10
Amumu,JUNGLE,weak_against,Trundle,39.02%,1
Amumu,JUNGLE,weak_against,Briar,42.45%,2
Amumu,JUNGLE,weak_against,Ivern,42.50%,3
Amumu,JUNGLE,weak_against,Qiyana,43.27%,4
Amumu,JUNGLE,weak_against,Rengar,44.00%,5
Amumu,JUNGLE,weak_against,Jax,44.00%,6
Amumu,JUNGLE,weak_against,Kha'Zix,44.86%,7
Amumu,JUNGLE,weak_against,Kayn,45.83%,8
Amumu,JUNGLE,weak_against,Udyr,46.15%,9
Amumu,JUNGLE,weak_against,Talon,46.71%,10
Anivia,MID,strong_against,Talon,62.75%,1
Anivia,MID,strong_against,Nasus,60.58%,2
Anivia,MID,strong_against,Qiyana,59.32%,3
Anivia,MID,strong_against,Cassiopeia,58.82%,4
Anivia,MID,strong_against,Kassadin,58.06%,5
Anivia,MID,strong_against,Mel,57.89%,6
Anivia,MID,strong_against,Ryze,57.32%,7
Anivia,MID,strong_against,Azir,54.55%,8
Anivia,MID,strong_against,Yasuo,54.06%,9
Anivia,MID,strong_against,Sylas,53.50%,10
Anivia,MID,weak_against,Tristana,35.29%,1
Anivia,MID,weak_against,Irelia,43.01%,2
Anivia,MID,weak_against,Annie,43.48%,3
Anivia,MID,weak_against,Hwei,44.52%,4
Anivia,MID,weak_against,Yone,45.34%,5
Anivia,MID,weak_against,Vex,45.45%,6
Anivia,MID,weak_against,Vel'Koz,45.95%,7
Anivia,MID,weak_against,Twisted Fate,46.02%,8
Anivia,MID,weak_against,Xerath,46.67%,9
Anivia,MID,weak_against,Ahri,46.69%,10
Anivia,TOP,strong_against,Jayce,63.64%,1
Anivia,TOP,strong_against,Akali,62.79%,2
Anivia,TOP,strong_against,Olaf,62.16%,3
Anivia,TOP,strong_against,Dr. Mundo,59.18%,4
Anivia,TOP,strong_against,K'Sante,58.14%,5
Anivia,TOP,strong_against,Fiora,58.06%,6
Anivia,TOP,strong_against,Ambessa,56.41%,7
Anivia,TOP,strong_against,Mordekaiser,55.32%,8
Anivia,TOP,strong_against,Malphite,55.17%,9
Anivia,TOP,strong_against,Camille,54.76%,10
Anivia,TOP,weak_against,Gwen,42.42%,1
Anivia,TOP,weak_against,Sion,44.74%,2
Anivia,TOP,weak_against,Yasuo,45.10%,3
Anivia,TOP,weak_against,Ornn,45.24%,4
Anivia,TOP,weak_against,Yone,46.43%,5
Anivia,TOP,weak_against,Nasus,46.58%,6
Anivia,TOP,weak_against,Jax,47.27%,7
Anivia,TOP,weak_against,Shen,48.57%,8
Anivia,TOP,weak_against,Darius,49.09%,9
Anivia,TOP,weak_against,Irelia,49.15%,10
Annie,MID,strong_against,Taliyah,64.52%,1
Annie,MID,strong_against,Ryze,61.97%,2
Annie,MID,strong_against,Hwei,58.02%,3
Annie,MID,strong_against,Anivia,56.52%,4
Annie,MID,strong_against,LeBlanc,55.03%,5
Annie,MID,strong_against,Yone,54.11%,6
Annie,MID,strong_against,Kassadin,53.85%,7
Annie,MID,strong_against,Mel,53.33%,8
Annie,MID,strong_against,Fizz,52.75%,9
Annie,MID,strong_against,Vladimir,52.56%,10
Annie,MID,weak_against,Aurelion Sol,40.00%,1
Annie,MID,weak_against,Akshan,42.47%,2
Annie,MID,weak_against,Veigar,42.86%,3
Annie,MID,weak_against,Aurora,43.59%,4
Annie,MID,weak_against,Viktor,44.14%,5
Annie,MID,weak_against,Galio,44.66%,6
Annie,MID,weak_against,Malzahar,45.19%,7
Annie,MID,weak_against,Akali,45.57%,8
Annie,MID,weak_against,Qiyana,46.15%,9
Annie,MID,weak_against,Ekko,46.67%,10
Aphelios,ADC,strong_against,Vayne,58.53%,1
Aphelios,ADC,strong_against,Yasuo,58.21%,2
Aphelios,ADC,strong_against,Senna,57.78%,3
Aphelios,ADC,strong_against,Mel,57.14%,4
Aphelios,ADC,strong_against,Swain,55.10%,5
Aphelios,ADC,strong_against,Ezreal,53.13%,6
Aphelios,ADC,strong_against,Smolder,52.60%,7
Aphelios,ADC,strong_against,Kai'Sa,52.56%,8
Aphelios,ADC,strong_against,Xerath,52.43%,9
Aphelios,ADC,strong_against,Lucian,51.42%,10
Aphelios,ADC,weak_against,Aurelion Sol,33.33%,1
Aphelios,ADC,weak_against,Brand,38.71%,2
Aphelios,ADC,weak_against,Vel'Koz,38.71%,3
Aphelios,ADC,weak_against,Hwei,40.00%,4
Aphelios,ADC,weak_against,Karthus,42.86%,5
Aphelios,ADC,weak_against,Varus,42.93%,6
Aphelios,ADC,weak_against,Veigar,43.55%,7
Aphelios,ADC,weak_against,Nilah,43.94%,8
Aphelios,ADC,weak_against,Draven,44.72%,9
Aphelios,ADC,weak_against,Xayah,45.93%,10
Ashe,ADC,strong_against,Veigar,57.89%,1
Ashe,ADC,strong_against,Varus,57.67%,2
Ashe,ADC,strong_against,Mel,57.32%,3
Ashe,ADC,strong_against,Senna,54.72%,4
Ashe,ADC,strong_against,Vayne,54.05%,5
Ashe,ADC,strong_against,Vladimir,53.85%,6
Ashe,ADC,strong_against,Viktor,53.41%,7
Ashe,ADC,strong_against,Miss Fortune,52.94%,8
Ashe,ADC,strong_against,Jhin,52.55%,9
Ashe,ADC,strong_against,Aphelios,52.46%,10
Ashe,ADC,weak_against,Aurelion Sol,33.33%,1
Ashe,ADC,weak_against,Vel'Koz,38.78%,2
Ashe,ADC,weak_against,Karthus,40.00%,3
Ashe,ADC,weak_against,Nilah,40.48%,4
Ashe,ADC,weak_against,Hwei,40.82%,5
Ashe,ADC,weak_against,Samira,43.18%,6
Ashe,ADC,weak_against,Ziggs,43.59%,7
Ashe,ADC,weak_against,Katarina,44.93%,8
Ashe,ADC,weak_against,Lux,44.93%,9
Ashe,ADC,weak_against,Xerath,46.15%,10
Aurelion Sol,ADC,strong_against,Yasuo,69.44%,1
Aurelion Sol,ADC,strong_against,Ashe,66.67%,2
Aurelion Sol,ADC,strong_against,Aphelios,66.67%,3
Aurelion Sol,ADC,strong_against,Vayne,62.86%,4
Aurelion Sol,ADC,strong_against,Zeri,59.65%,5
Aurelion Sol,ADC,strong_against,Smolder,59.26%,6
Aurelion Sol,ADC,strong_against,Lucian,58.46%,7
Aurelion Sol,ADC,strong_against,Seraphine,58.06%,8
Aurelion Sol,ADC,strong_against,Kai'Sa,55.86%,9
Aurelion Sol,ADC,strong_against,Twitch,54.90%,10
Aurelion Sol,ADC,weak_against,Xayah,36.36%,1
Aurelion Sol,ADC,weak_against,Xerath,43.75%,2
Aurelion Sol,ADC,weak_against,Tristana,44.76%,3
Aurelion Sol,ADC,weak_against,Samira,45.00%,4
Aurelion Sol,ADC,weak_against,Draven,46.67%,5
Aurelion Sol,ADC,weak_against,Jhin,48.07%,6
Aurelion Sol,ADC,weak_against,Sivir,48.98%,7
Aurelion Sol,ADC,weak_against,Jinx,49.28%,8
Aurelion Sol,ADC,weak_against,Yunara,49.49%,9
Aurelion Sol,ADC,weak_against,Miss Fortune,51.06%,10
Aurelion Sol,MID,strong_against,Annie,60.00%,1
Aurelion Sol,MID,strong_against,Azir,58.33%,2
Aurelion Sol,MID,strong_against,Nasus,58.04%,3
Aurelion Sol,MID,strong_against,Orianna,57.83%,4
Aurelion Sol,MID,strong_against,Aurora,57.78%,5
Aurelion Sol,MID,strong_against,Talon,56.76%,6
Aurelion Sol,MID,strong_against,Diana,56.72%,7
Aurelion Sol,MID,strong_against,Ryze,56.67%,8
Aurelion Sol,MID,strong_against,Irelia,56.34%,9
Aurelion Sol,MID,strong_against,Mel,55.26%,10
Aurelion Sol,MID,weak_against,Ahri,38.21%,1
Aurelion Sol,MID,weak_against,Zoe,38.60%,2
Aurelion Sol,MID,weak_against,Vex,42.86%,3
Aurelion Sol,MID,weak_against,Kassadin,44.44%,4
Aurelion Sol,MID,weak_against,Yone,44.68%,5
Aurelion Sol,MID,weak_against,Fizz,46.28%,6
Aurelion Sol,MID,weak_against,Akshan,47.17%,7
Aurelion Sol,MID,weak_against,Sylas,47.37%,8
Aurelion Sol,MID,weak_against,Xerath,47.62%,9
Aurelion Sol,MID,weak_against,Anivia,47.62%,10
Aurora,MID,strong_against,Ekko,59.77%,1
Aurora,MID,strong_against,Orianna,59.38%,2
Aurora,MID,strong_against,Annie,56.41%,3
Aurora,MID,strong_against,Lux,56.38%,4
Aurora,MID,strong_against,Fizz,55.77%,5
Aurora,MID,strong_against,Xerath,55.66%,6
Aurora,MID,strong_against,Zoe,54.76%,7
Aurora,MID,strong_against,Tristana,54.55%,8
Aurora,MID,strong_against,Mel,54.35%,9
Aurora,MID,strong_against,Taliyah,54.17%,10
Aurora,MID,weak_against,Ryze,40.28%,1
Aurora,MID,weak_against,Diana,41.10%,2
Aurora,MID,weak_against,Aurelion Sol,42.22%,3
Aurora,MID,weak_against,Twisted Fate,42.47%,4
Aurora,MID,weak_against,Kassadin,42.62%,5
Aurora,MID,weak_against,Malzahar,43.41%,6
Aurora,MID,weak_against,Qiyana,43.86%,7
Aurora,MID,weak_against,Zed,44.86%,8
Aurora,MID,weak_against,Galio,44.96%,9
Aurora,MID,weak_against,Lissandra,45.08%,10
Azir,MID,strong_against,Zed,55.82%,1
Azir,MID,strong_against,Locke,55.80%,2
Azir,MID,strong_against,Irelia,55.41%,3
Azir,MID,strong_against,Akali,54.93%,4
Azir,MID,strong_against,Fizz,54.46%,5
Azir,MID,strong_against,Vex,53.33%,6
Azir,MID,strong_against,Yasuo,52.36%,7
Azir,MID,strong_against,Aurora,52.00%,8
Azir,MID,strong_against,Akshan,51.72%,9
Azir,MID,strong_against,Kassadin,51.61%,10
Azir,MID,weak_against,Zoe,39.66%,1
Azir,MID,weak_against,Lissandra,40.17%,2
Azir,MID,weak_against,Ekko,40.57%,3
Azir,MID,weak_against,Aurelion Sol,41.67%,4
Azir,MID,weak_against,Diana,42.37%,5
Azir,MID,weak_against,Nasus,42.42%,6
Azir,MID,weak_against,Qiyana,42.86%,7
Azir,MID,weak_against,Taliyah,43.59%,8
Azir,MID,weak_against,Ahri,44.02%,9
Azir,MID,weak_against,Ryze,44.58%,10
Bard,SUPPORT,strong_against,Fiddlesticks,66.00%,1
Bard,SUPPORT,strong_against,Mel,59.57%,2
Bard,SUPPORT,strong_against,Brand,57.14%,3
Bard,SUPPORT,strong_against,Sylas,56.52%,4
Bard,SUPPORT,strong_against,Swain,56.34%,5
Bard,SUPPORT,strong_against,Karma,54.66%,6
Bard,SUPPORT,strong_against,Shen,53.66%,7
Bard,SUPPORT,strong_against,Zyra,53.57%,8
Bard,SUPPORT,strong_against,Tahm Kench,53.57%,9
Bard,SUPPORT,strong_against,Neeko,52.38%,10
Bard,SUPPORT,weak_against,Hwei,38.10%,1
Bard,SUPPORT,weak_against,Maokai,41.27%,2
Bard,SUPPORT,weak_against,Blitzcrank,44.12%,3
Bard,SUPPORT,weak_against,Janna,45.24%,4
Bard,SUPPORT,weak_against,Nautilus,45.35%,5
Bard,SUPPORT,weak_against,Taric,45.36%,6
Bard,SUPPORT,weak_against,Rakan,45.37%,7
Bard,SUPPORT,weak_against,Poppy,45.75%,8
Bard,SUPPORT,weak_against,Seraphine,46.19%,9
Bard,SUPPORT,weak_against,Pantheon,46.24%,10
Bel'Veth,JUNGLE,strong_against,Zed,58.82%,1
Bel'Veth,JUNGLE,strong_against,Vi,57.47%,2
Bel'Veth,JUNGLE,strong_against,Zyra,55.41%,3
Bel'Veth,JUNGLE,strong_against,Viego,55.29%,4
Bel'Veth,JUNGLE,strong_against,Evelynn,55.05%,5
Bel'Veth,JUNGLE,strong_against,Taliyah,54.39%,6
Bel'Veth,JUNGLE,strong_against,Diana,54.26%,7
Bel'Veth,JUNGLE,strong_against,Skarner,54.10%,8
Bel'Veth,JUNGLE,strong_against,Graves,54.07%,9
Bel'Veth,JUNGLE,strong_against,Aatrox,53.70%,10
Bel'Veth,JUNGLE,weak_against,Volibear,39.62%,1
Bel'Veth,JUNGLE,weak_against,Sejuani,40.82%,2
Bel'Veth,JUNGLE,weak_against,Elise,42.05%,3
Bel'Veth,JUNGLE,weak_against,Nunu & Willump,42.31%,4
Bel'Veth,JUNGLE,weak_against,Warwick,43.62%,5
Bel'Veth,JUNGLE,weak_against,Kindred,44.04%,6
Bel'Veth,JUNGLE,weak_against,Rek'Sai,44.16%,7
Bel'Veth,JUNGLE,weak_against,Rammus,44.63%,8
Bel'Veth,JUNGLE,weak_against,Jax,44.76%,9
Bel'Veth,JUNGLE,weak_against,Udyr,45.05%,10
Blitzcrank,SUPPORT,strong_against,Shaco,59.18%,1
Blitzcrank,SUPPORT,strong_against,Ashe,59.09%,2
Blitzcrank,SUPPORT,strong_against,Vel'Koz,59.07%,3
Blitzcrank,SUPPORT,strong_against,Amumu,58.97%,4
Blitzcrank,SUPPORT,strong_against,Mel,57.84%,5
Blitzcrank,SUPPORT,strong_against,Shen,57.58%,6
Blitzcrank,SUPPORT,strong_against,Teemo,57.45%,7
Blitzcrank,SUPPORT,strong_against,Milio,56.32%,8
Blitzcrank,SUPPORT,strong_against,Tahm Kench,56.02%,9
Blitzcrank,SUPPORT,strong_against,Bard,55.88%,10
Blitzcrank,SUPPORT,weak_against,Sona,40.93%,1
Blitzcrank,SUPPORT,weak_against,Braum,43.55%,2
Blitzcrank,SUPPORT,weak_against,Rell,43.69%,3
Blitzcrank,SUPPORT,weak_against,Poppy,43.88%,4
Blitzcrank,SUPPORT,weak_against,Leona,43.95%,5
Blitzcrank,SUPPORT,weak_against,Taric,44.04%,6
Blitzcrank,SUPPORT,weak_against,Zilean,44.40%,7
Blitzcrank,SUPPORT,weak_against,Rakan,44.84%,8
Blitzcrank,SUPPORT,weak_against,Galio,45.65%,9
Blitzcrank,SUPPORT,weak_against,Alistar,45.79%,10
Brand,ADC,strong_against,Aphelios,61.29%,1
Brand,ADC,strong_against,Smolder,61.11%,2
Brand,ADC,strong_against,Caitlyn,55.07%,3
Brand,ADC,strong_against,Tristana,55.00%,4
Brand,ADC,strong_against,Draven,52.63%,5
Brand,ADC,strong_against,Ezreal,50.44%,6
Brand,ADC,strong_against,Miss Fortune,50.00%,7
Brand,ADC,strong_against,Syndra,50.00%,8
Brand,ADC,strong_against,Xayah,50.00%,9
Brand,ADC,strong_against,Ashe,49.15%,10
Brand,ADC,weak_against,Viktor,35.09%,1
Brand,ADC,weak_against,Yunara,42.11%,2
Brand,ADC,weak_against,Zeri,42.86%,3
Brand,ADC,weak_against,Lucian,45.57%,4
Brand,ADC,weak_against,Samira,46.43%,5
Brand,ADC,weak_against,Jhin,46.53%,6
Brand,ADC,weak_against,Kai'Sa,47.06%,7
Brand,ADC,weak_against,Jinx,48.03%,8
Brand,ADC,weak_against,Sivir,48.84%,9
Brand,ADC,weak_against,Twitch,48.98%,10
Brand,MID,strong_against,Xerath,58.82%,1
Brand,MID,strong_against,Viktor,58.54%,2
Brand,MID,strong_against,LeBlanc,55.32%,3
Brand,MID,strong_against,Ahri,52.63%,4
Brand,MID,strong_against,Twisted Fate,52.50%,5
Brand,MID,strong_against,Yone,51.92%,6
Brand,MID,strong_against,Katarina,51.85%,7
Brand,MID,strong_against,Lissandra,51.43%,8
Brand,MID,strong_against,Syndra,51.39%,9
Brand,MID,strong_against,Veigar,51.28%,10
Brand,MID,weak_against,Ekko,24.24%,1
Brand,MID,weak_against,Malzahar,31.15%,2
Brand,MID,weak_against,Sylas,35.85%,3
Brand,MID,weak_against,Hwei,35.90%,4
Brand,MID,weak_against,Yasuo,39.44%,5
Brand,MID,weak_against,Vladimir,47.50%,6
Brand,MID,weak_against,Locke,48.39%,7
Brand,MID,weak_against,Zed,50.00%,8
Brand,MID,weak_against,Fizz,50.00%,9
Brand,MID,weak_against,Akali,51.06%,10
Brand,SUPPORT,strong_against,Renata Glasc,70.59%,1
Brand,SUPPORT,strong_against,Poppy,57.89%,2
Brand,SUPPORT,strong_against,Zyra,57.14%,3
Brand,SUPPORT,strong_against,Neeko,56.10%,4
Brand,SUPPORT,strong_against,Zilean,54.44%,5
Brand,SUPPORT,strong_against,Xerath,54.24%,6
Brand,SUPPORT,strong_against,Leona,53.93%,7
Brand,SUPPORT,strong_against,Swain,53.92%,8
Brand,SUPPORT,strong_against,Alistar,53.59%,9
Brand,SUPPORT,strong_against,Lulu,53.45%,10
Brand,SUPPORT,weak_against,Sylas,34.04%,1
Brand,SUPPORT,weak_against,Galio,39.39%,2
Brand,SUPPORT,weak_against,Senna,42.62%,3
Brand,SUPPORT,weak_against,Bard,42.86%,4
Brand,SUPPORT,weak_against,Tahm Kench,42.86%,5
Brand,SUPPORT,weak_against,Maokai,42.86%,6
Brand,SUPPORT,weak_against,Sona,43.14%,7
Brand,SUPPORT,weak_against,Milio,43.40%,8
Brand,SUPPORT,weak_against,Seraphine,45.96%,9
Brand,SUPPORT,weak_against,Braum,46.88%,10
Braum,SUPPORT,strong_against,Ashe,67.74%,1
Braum,SUPPORT,strong_against,LeBlanc,65.79%,2
Braum,SUPPORT,strong_against,Amumu,65.38%,3
Braum,SUPPORT,strong_against,Pantheon,62.11%,4
Braum,SUPPORT,strong_against,Zoe,61.36%,5
Braum,SUPPORT,strong_against,Mel,61.29%,6
Braum,SUPPORT,strong_against,Swain,59.75%,7
Braum,SUPPORT,strong_against,Tahm Kench,59.54%,8
Braum,SUPPORT,strong_against,Karma,59.23%,9
Braum,SUPPORT,strong_against,Maokai,58.97%,10
Braum,SUPPORT,weak_against,Elise,43.18%,1
Braum,SUPPORT,weak_against,Rakan,43.62%,2
Braum,SUPPORT,weak_against,Shaco,45.16%,3
Braum,SUPPORT,weak_against,Lux,45.42%,4
Braum,SUPPORT,weak_against,Renata Glasc,46.15%,5
Braum,SUPPORT,weak_against,Shen,46.43%,6
Braum,SUPPORT,weak_against,Senna,47.38%,7
Braum,SUPPORT,weak_against,Rell,47.48%,8
Braum,SUPPORT,weak_against,Neeko,48.19%,9
Braum,SUPPORT,weak_against,Zyra,48.25%,10
Briar,JUNGLE,strong_against,Trundle,62.65%,1
Briar,JUNGLE,strong_against,Zed,60.43%,2
Briar,JUNGLE,strong_against,Kindred,58.52%,3
Briar,JUNGLE,strong_against,Amumu,57.55%,4
Briar,JUNGLE,strong_against,Xin Zhao,57.50%,5
Briar,JUNGLE,strong_against,Quinn,56.25%,6
Briar,JUNGLE,strong_against,Lee Sin,55.54%,7
Briar,JUNGLE,strong_against,Warwick,54.82%,8
Briar,JUNGLE,strong_against,Jarvan IV,54.75%,9
Briar,JUNGLE,strong_against,Sylas,54.69%,10
Briar,JUNGLE,weak_against,Ivern,36.36%,1
Briar,JUNGLE,weak_against,Rek'Sai,37.36%,2
Briar,JUNGLE,weak_against,Sejuani,40.37%,3
Briar,JUNGLE,weak_against,Karthus,40.54%,4
Briar,JUNGLE,weak_against,Aatrox,43.21%,5
Briar,JUNGLE,weak_against,Zyra,45.68%,6
Briar,JUNGLE,weak_against,Fiddlesticks,46.01%,7
Briar,JUNGLE,weak_against,Gwen,46.43%,8
Briar,JUNGLE,weak_against,Rammus,47.31%,9
Briar,JUNGLE,weak_against,Bel'Veth,47.37%,10
Caitlyn,ADC,strong_against,Swain,54.91%,1
Caitlyn,ADC,strong_against,Vayne,53.61%,2
Caitlyn,ADC,strong_against,Karthus,53.41%,3
Caitlyn,ADC,strong_against,Samira,53.35%,4
Caitlyn,ADC,strong_against,Senna,53.03%,5
Caitlyn,ADC,strong_against,Corki,53.02%,6
Caitlyn,ADC,strong_against,Lucian,51.83%,7
Caitlyn,ADC,strong_against,Yunara,51.35%,8
Caitlyn,ADC,strong_against,Zeri,50.85%,9
Caitlyn,ADC,strong_against,Draven,50.81%,10
Caitlyn,ADC,weak_against,Xerath,38.36%,1
Caitlyn,ADC,weak_against,Vel'Koz,38.97%,2
Caitlyn,ADC,weak_against,Hwei,40.72%,3
Caitlyn,ADC,weak_against,Nilah,44.00%,4
Caitlyn,ADC,weak_against,Veigar,44.20%,5
Caitlyn,ADC,weak_against,Brand,44.93%,6
Caitlyn,ADC,weak_against,Ziggs,45.39%,7
Caitlyn,ADC,weak_against,Viktor,45.49%,8
Caitlyn,ADC,weak_against,Lux,46.12%,9
Caitlyn,ADC,weak_against,Yasuo,46.19%,10
Camille,SUPPORT,strong_against,Neeko,52.83%,1
Camille,SUPPORT,strong_against,Pyke,51.85%,2
Camille,SUPPORT,strong_against,Swain,51.09%,3
Camille,SUPPORT,strong_against,Blitzcrank,50.42%,4
Camille,SUPPORT,strong_against,Lux,50.00%,5
Camille,SUPPORT,strong_against,Bard,49.66%,6
Camille,SUPPORT,strong_against,Morgana,49.58%,7
Camille,SUPPORT,strong_against,Shaco,49.21%,8
Camille,SUPPORT,strong_against,Zyra,49.15%,9
Camille,SUPPORT,strong_against,Tahm Kench,48.94%,10
Camille,SUPPORT,weak_against,Galio,34.09%,1
Camille,SUPPORT,weak_against,Sona,35.64%,2
Camille,SUPPORT,weak_against,Nami,39.54%,3
Camille,SUPPORT,weak_against,Milio,40.00%,4
Camille,SUPPORT,weak_against,Shen,40.54%,5
Camille,SUPPORT,weak_against,Leona,41.83%,6
Camille,SUPPORT,weak_against,Senna,42.73%,7
Camille,SUPPORT,weak_against,Zilean,42.86%,8
Camille,SUPPORT,weak_against,Maokai,42.86%,9
Camille,SUPPORT,weak_against,Zoe,42.86%,10
Camille,TOP,strong_against,Kayle,61.29%,1
Camille,TOP,strong_against,Olaf,59.54%,2
Camille,TOP,strong_against,K'Sante,57.85%,3
Camille,TOP,strong_against,Wukong,57.35%,4
Camille,TOP,strong_against,Gragas,57.14%,5
Camille,TOP,strong_against,Illaoi,56.43%,6
Camille,TOP,strong_against,Vayne,55.79%,7
Camille,TOP,strong_against,Yorick,54.89%,8
Camille,TOP,strong_against,Ornn,54.19%,9
Camille,TOP,strong_against,Poppy,54.00%,10
Camille,TOP,weak_against,Warwick,39.33%,1
Camille,TOP,weak_against,Teemo,43.32%,2
Camille,TOP,weak_against,Ryze,44.00%,3
Camille,TOP,weak_against,Shen,44.50%,4
Camille,TOP,weak_against,Rumble,44.55%,5
Camille,TOP,weak_against,Cho'Gath,46.00%,6
Camille,TOP,weak_against,Tahm Kench,46.43%,7
Camille,TOP,weak_against,Renekton,46.85%,8
Camille,TOP,weak_against,Heimerdinger,47.06%,9
Camille,TOP,weak_against,Mordekaiser,47.84%,10
Cassiopeia,MID,strong_against,Yone,57.34%,1
Cassiopeia,MID,strong_against,Akshan,57.14%,2
Cassiopeia,MID,strong_against,Kassadin,56.67%,3
Cassiopeia,MID,strong_against,Vex,56.00%,4
Cassiopeia,MID,strong_against,Locke,55.51%,5
Cassiopeia,MID,strong_against,Vladimir,55.08%,6
Cassiopeia,MID,strong_against,Yasuo,51.23%,7
Cassiopeia,MID,strong_against,Annie,51.16%,8
Cassiopeia,MID,strong_against,Hwei,50.77%,9
Cassiopeia,MID,strong_against,Sylas,50.00%,10
Cassiopeia,MID,weak_against,Lux,35.37%,1
Cassiopeia,MID,weak_against,Xerath,37.74%,2
Cassiopeia,MID,weak_against,Talon,39.62%,3
Cassiopeia,MID,weak_against,Ekko,40.00%,4
Cassiopeia,MID,weak_against,LeBlanc,40.83%,5
Cassiopeia,MID,weak_against,Anivia,41.18%,6
Cassiopeia,MID,weak_against,Katarina,43.26%,7
Cassiopeia,MID,weak_against,Viktor,43.60%,8
Cassiopeia,MID,weak_against,Fizz,43.62%,9
Cassiopeia,MID,weak_against,Veigar,44.12%,10
Cassiopeia,TOP,strong_against,Yone,65.00%,1
Cassiopeia,TOP,strong_against,Camille,60.00%,2
Cassiopeia,TOP,strong_against,Jayce,55.26%,3
Cassiopeia,TOP,strong_against,Teemo,55.10%,4
Cassiopeia,TOP,strong_against,Ambessa,53.33%,5
Cassiopeia,TOP,strong_against,Mordekaiser,52.94%,6
Cassiopeia,TOP,strong_against,Gnar,52.94%,7
Cassiopeia,TOP,strong_against,Yasuo,51.35%,8
Cassiopeia,TOP,strong_against,Sett,51.28%,9
Cassiopeia,TOP,strong_against,Olaf,50.00%,10
Cassiopeia,TOP,weak_against,Darius,40.00%,1
Cassiopeia,TOP,weak_against,Renekton,44.74%,2
Cassiopeia,TOP,weak_against,Malphite,45.61%,3
Cassiopeia,TOP,weak_against,Gangplank,45.71%,4
Cassiopeia,TOP,weak_against,K'Sante,46.67%,5
Cassiopeia,TOP,weak_against,Nasus,47.06%,6
Cassiopeia,TOP,weak_against,Garen,47.22%,7
Cassiopeia,TOP,weak_against,Dr. Mundo,48.57%,8
Cassiopeia,TOP,weak_against,Jax,48.72%,9
Cassiopeia,TOP,weak_against,Olaf,50.00%,10
Cho'Gath,MID,strong_against,Fizz,63.46%,1
Cho'Gath,MID,strong_against,Viktor,59.46%,2
Cho'Gath,MID,strong_against,Malzahar,58.54%,3
Cho'Gath,MID,strong_against,Locke,57.38%,4
Cho'Gath,MID,strong_against,Katarina,56.76%,5
Cho'Gath,MID,strong_against,Yasuo,55.07%,6
Cho'Gath,MID,strong_against,Syndra,52.63%,7
Cho'Gath,MID,strong_against,Zed,50.00%,8
Cho'Gath,MID,strong_against,Akali,50.00%,9
Cho'Gath,MID,strong_against,Yone,48.39%,10
Cho'Gath,MID,weak_against,Lissandra,34.78%,1
Cho'Gath,MID,weak_against,Sylas,39.22%,2
Cho'Gath,MID,weak_against,Galio,41.94%,3
Cho'Gath,MID,weak_against,LeBlanc,42.42%,4
Cho'Gath,MID,weak_against,Hwei,43.75%,5
Cho'Gath,MID,weak_against,Ryze,45.00%,6
Cho'Gath,MID,weak_against,Vladimir,46.67%,7
Cho'Gath,MID,weak_against,Xerath,47.06%,8
Cho'Gath,MID,weak_against,Twisted Fate,47.62%,9
Cho'Gath,MID,weak_against,Ahri,48.19%,10
Cho'Gath,TOP,strong_against,Tryndamere,57.46%,1
Cho'Gath,TOP,strong_against,Jayce,57.24%,2
Cho'Gath,TOP,strong_against,Akali,56.94%,3
Cho'Gath,TOP,strong_against,Malphite,56.77%,4
Cho'Gath,TOP,strong_against,Olaf,56.30%,5
Cho'Gath,TOP,strong_against,Kennen,56.16%,6
Cho'Gath,TOP,strong_against,Camille,55.03%,7
Cho'Gath,TOP,strong_against,Urgot,54.84%,8
Cho'Gath,TOP,strong_against,Gragas,54.46%,9
Cho'Gath,TOP,strong_against,Ambessa,54.25%,10
Cho'Gath,TOP,weak_against,Singed,38.04%,1
Cho'Gath,TOP,weak_against,Ornn,39.47%,2
Cho'Gath,TOP,weak_against,Illaoi,41.18%,3
Cho'Gath,TOP,weak_against,Tahm Kench,42.50%,4
Cho'Gath,TOP,weak_against,Vladimir,42.55%,5
Cho'Gath,TOP,weak_against,Rumble,43.40%,6
Cho'Gath,TOP,weak_against,Shen,43.45%,7
Cho'Gath,TOP,weak_against,Trundle,43.48%,8
Cho'Gath,TOP,weak_against,Mordekaiser,43.54%,9
Cho'Gath,TOP,weak_against,Sett,43.89%,10
Corki,ADC,strong_against,Ziggs,69.23%,1
Corki,ADC,strong_against,Kalista,59.30%,2
Corki,ADC,strong_against,Miss Fortune,57.75%,3
Corki,ADC,strong_against,Varus,57.41%,4
Corki,ADC,strong_against,Mel,56.25%,5
Corki,ADC,strong_against,Twitch,55.07%,6
Corki,ADC,strong_against,Vayne,53.66%,7
Corki,ADC,strong_against,Kai'Sa,52.30%,8
Corki,ADC,strong_against,Smolder,52.17%,9
Corki,ADC,strong_against,Ashe,51.80%,10
Corki,ADC,weak_against,Veigar,29.17%,1
Corki,ADC,weak_against,Zeri,39.61%,2
Corki,ADC,weak_against,Syndra,40.30%,3
Corki,ADC,weak_against,Sivir,45.79%,4
Corki,ADC,weak_against,Jhin,46.15%,5
Corki,ADC,weak_against,Xayah,46.97%,6
Corki,ADC,weak_against,Caitlyn,46.98%,7
Corki,ADC,weak_against,Xerath,47.50%,8
Corki,ADC,weak_against,Lucian,47.69%,9
Corki,ADC,weak_against,Viktor,48.28%,10
Darius,JUNGLE,strong_against,Bel'Veth,79.41%,1
Darius,JUNGLE,strong_against,Xin Zhao,75.00%,2
Darius,JUNGLE,strong_against,Warwick,65.71%,3
Darius,JUNGLE,strong_against,Viego,57.98%,4
Darius,JUNGLE,strong_against,Graves,57.52%,5
Darius,JUNGLE,strong_against,Rengar,57.45%,6
Darius,JUNGLE,strong_against,Zac,57.14%,7
Darius,JUNGLE,strong_against,Ekko,55.81%,8
Darius,JUNGLE,strong_against,Kha'Zix,54.90%,9
Darius,JUNGLE,strong_against,Jarvan IV,54.55%,10
Darius,JUNGLE,weak_against,Vi,38.64%,1
Darius,JUNGLE,weak_against,Udyr,43.33%,2
Darius,JUNGLE,weak_against,Shyvana,44.64%,3
Darius,JUNGLE,weak_against,Sylas,44.93%,4
Darius,JUNGLE,weak_against,Master Yi,47.83%,5
Darius,JUNGLE,weak_against,Hecarim,48.31%,6
Darius,JUNGLE,weak_against,Naafiri,48.57%,7
Darius,JUNGLE,weak_against,Qiyana,48.72%,8
Darius,JUNGLE,weak_against,Kayn,49.23%,9
Darius,JUNGLE,weak_against,Lee Sin,49.58%,10
Darius,TOP,strong_against,Yasuo,57.64%,1
Darius,TOP,strong_against,Mordekaiser,56.24%,2
Darius,TOP,strong_against,Kled,54.24%,3
Darius,TOP,strong_against,Poppy,53.95%,4
Darius,TOP,strong_against,Sion,53.57%,5
Darius,TOP,strong_against,Akali,53.46%,6
Darius,TOP,strong_against,K'Sante,53.24%,7
Darius,TOP,strong_against,Yone,53.18%,8
Darius,TOP,strong_against,Malphite,52.80%,9
Darius,TOP,strong_against,Gragas,52.61%,10
Darius,TOP,weak_against,Pantheon,41.27%,1
Darius,TOP,weak_against,Kennen,43.09%,2
Darius,TOP,weak_against,Wukong,43.86%,3
Darius,TOP,weak_against,Zaahen,44.21%,4
Darius,TOP,weak_against,Urgot,44.44%,5
Darius,TOP,weak_against,Heimerdinger,44.62%,6
Darius,TOP,weak_against,Jayce,45.48%,7
Darius,TOP,weak_against,Tahm Kench,45.83%,8
Darius,TOP,weak_against,Cho'Gath,45.86%,9
Darius,TOP,weak_against,Dr. Mundo,46.01%,10
Diana,JUNGLE,strong_against,Quinn,59.65%,1
Diana,JUNGLE,strong_against,Trundle,58.70%,2
Diana,JUNGLE,strong_against,Hecarim,58.09%,3
Diana,JUNGLE,strong_against,Zed,57.81%,4
Diana,JUNGLE,strong_against,Gwen,56.82%,5
Diana,JUNGLE,strong_against,Locke,56.52%,6
Diana,JUNGLE,strong_against,Xin Zhao,54.95%,7
Diana,JUNGLE,strong_against,Kha'Zix,54.64%,8
Diana,JUNGLE,strong_against,Shaco,54.49%,9
Diana,JUNGLE,strong_against,Nunu & Willump,53.95%,10
Diana,JUNGLE,weak_against,Master Yi,35.33%,1
Diana,JUNGLE,weak_against,Udyr,35.44%,2
Diana,JUNGLE,weak_against,Aatrox,41.07%,3
Diana,JUNGLE,weak_against,Jax,41.79%,4
Diana,JUNGLE,weak_against,Wukong,41.89%,5
Diana,JUNGLE,weak_against,Evelynn,42.31%,6
Diana,JUNGLE,weak_against,Ivern,43.14%,7
Diana,JUNGLE,weak_against,Cho'Gath,43.94%,8
Diana,JUNGLE,weak_against,Rengar,43.97%,9
Diana,JUNGLE,weak_against,Warwick,44.09%,10
Diana,MID,strong_against,Orianna,62.60%,1
Diana,MID,strong_against,Naafiri,59.38%,2
Diana,MID,strong_against,Aurora,58.90%,3
Diana,MID,strong_against,Azir,57.63%,4
Diana,MID,strong_against,Akshan,56.32%,5
Diana,MID,strong_against,Ryze,56.20%,6
Diana,MID,strong_against,Cassiopeia,54.93%,7
Diana,MID,strong_against,Zed,54.72%,8
Diana,MID,strong_against,Vex,54.37%,9
Diana,MID,strong_against,Fizz,53.88%,10
Diana,MID,weak_against,Talon,35.23%,1
Diana,MID,weak_against,Gwen,41.46%,2
Diana,MID,weak_against,Veigar,41.80%,3
Diana,MID,weak_against,Lissandra,41.89%,4
Diana,MID,weak_against,Nasus,42.31%,5
Diana,MID,weak_against,Aurelion Sol,43.28%,6
Diana,MID,weak_against,Kassadin,45.12%,7
Diana,MID,weak_against,Lux,46.88%,8
Diana,MID,weak_against,Zoe,46.96%,9
Diana,MID,weak_against,Malzahar,47.54%,10
Dr. Mundo,TOP,strong_against,Jax,60.69%,1
Dr. Mundo,TOP,strong_against,Rumble,58.44%,2
Dr. Mundo,TOP,strong_against,Malphite,57.37%,3
Dr. Mundo,TOP,strong_against,Sion,57.14%,4
Dr. Mundo,TOP,strong_against,Trundle,56.79%,5
Dr. Mundo,TOP,strong_against,Gragas,56.68%,6
Dr. Mundo,TOP,strong_against,Akali,56.59%,7
Dr. Mundo,TOP,strong_against,Pantheon,55.84%,8
Dr. Mundo,TOP,strong_against,Kennen,55.56%,9
Dr. Mundo,TOP,strong_against,Jayce,55.52%,10
Dr. Mundo,TOP,weak_against,Udyr,36.96%,1
Dr. Mundo,TOP,weak_against,Illaoi,39.46%,2
Dr. Mundo,TOP,weak_against,Gwen,40.63%,3
Dr. Mundo,TOP,weak_against,Gnar,40.79%,4
Dr. Mundo,TOP,weak_against,Anivia,40.82%,5
Dr. Mundo,TOP,weak_against,Yasuo,41.48%,6
Dr. Mundo,TOP,weak_against,Irelia,42.50%,7
Dr. Mundo,TOP,weak_against,Singed,42.57%,8
Dr. Mundo,TOP,weak_against,Yone,43.24%,9
Dr. Mundo,TOP,weak_against,Riven,43.48%,10
Draven,ADC,strong_against,Karthus,58.14%,1
Draven,ADC,strong_against,Swain,57.58%,2
Draven,ADC,strong_against,Zeri,56.98%,3
Draven,ADC,strong_against,Smolder,55.93%,4
Draven,ADC,strong_against,Aphelios,55.28%,5
Draven,ADC,strong_against,Lucian,54.21%,6
Draven,ADC,strong_against,Sivir,53.78%,7
Draven,ADC,strong_against,Tristana,53.66%,8
Draven,ADC,strong_against,Ezreal,53.58%,9
Draven,ADC,strong_against,Aurelion Sol,53.33%,10
Draven,ADC,weak_against,Nilah,34.57%,1
Draven,ADC,weak_against,Lux,39.22%,2
Draven,ADC,weak_against,Hwei,42.17%,3
Draven,ADC,weak_against,Viktor,42.29%,4
Draven,ADC,weak_against,Vel'Koz,42.86%,5
Draven,ADC,weak_against,Syndra,43.64%,6
Draven,ADC,weak_against,Ziggs,46.31%,7
Draven,ADC,weak_against,Senna,46.34%,8
Draven,ADC,weak_against,Xayah,46.73%,9
Draven,ADC,weak_against,Veigar,46.77%,10
Ekko,JUNGLE,strong_against,Udyr,65.15%,1
Ekko,JUNGLE,strong_against,Rammus,60.00%,2
Ekko,JUNGLE,strong_against,Cho'Gath,59.72%,3
Ekko,JUNGLE,strong_against,Nocturne,57.10%,4
Ekko,JUNGLE,strong_against,Aatrox,56.45%,5
Ekko,JUNGLE,strong_against,Qiyana,56.42%,6
Ekko,JUNGLE,strong_against,Evelynn,55.63%,7
Ekko,JUNGLE,strong_against,Sejuani,55.17%,8
Ekko,JUNGLE,strong_against,Jax,54.02%,9
Ekko,JUNGLE,strong_against,Xin Zhao,53.91%,10
Ekko,JUNGLE,weak_against,Rek'Sai,40.91%,1
Ekko,JUNGLE,weak_against,Fiddlesticks,41.67%,2
Ekko,JUNGLE,weak_against,Nunu & Willump,41.67%,3
Ekko,JUNGLE,weak_against,Zyra,42.22%,4
Ekko,JUNGLE,weak_against,Shyvana,46.23%,5
Ekko,JUNGLE,weak_against,Sylas,46.40%,6
Ekko,JUNGLE,weak_against,Kindred,47.01%,7
Ekko,JUNGLE,weak_against,Trundle,47.17%,8
Ekko,JUNGLE,weak_against,Karthus,47.19%,9
Ekko,JUNGLE,weak_against,Lillia,48.02%,10
Ekko,MID,strong_against,Brand,75.76%,1
Ekko,MID,strong_against,Tristana,62.26%,2
Ekko,MID,strong_against,Cassiopeia,60.00%,3
Ekko,MID,strong_against,Azir,59.43%,4
Ekko,MID,strong_against,Talon,58.97%,5
Ekko,MID,strong_against,Naafiri,58.82%,6
Ekko,MID,strong_against,Zoe,58.59%,7
Ekko,MID,strong_against,Mel,58.11%,8
Ekko,MID,strong_against,Malzahar,56.13%,9
Ekko,MID,strong_against,Veigar,55.42%,10
Ekko,MID,weak_against,Akshan,38.24%,1
Ekko,MID,weak_against,Gangplank,40.00%,2
Ekko,MID,weak_against,Aurora,40.23%,3
Ekko,MID,weak_against,Gwen,41.07%,4
Ekko,MID,weak_against,Ryze,42.14%,5
Ekko,MID,weak_against,Kassadin,42.45%,6
Ekko,MID,weak_against,Sylas,42.90%,7
Ekko,MID,weak_against,Vladimir,44.07%,8
Ekko,MID,weak_against,Akali,44.21%,9
Ekko,MID,weak_against,Taliyah,45.76%,10
Elise,JUNGLE,strong_against,Ivern,60.53%,1
Elise,JUNGLE,strong_against,Sylas,59.26%,2
Elise,JUNGLE,strong_against,Udyr,58.18%,3
Elise,JUNGLE,strong_against,Karthus,58.06%,4
Elise,JUNGLE,strong_against,Bel'Veth,57.95%,5
Elise,JUNGLE,strong_against,Kindred,56.82%,6
Elise,JUNGLE,strong_against,Xin Zhao,55.71%,7
Elise,JUNGLE,strong_against,Cho'Gath,55.00%,8
Elise,JUNGLE,strong_against,Aatrox,55.00%,9
Elise,JUNGLE,strong_against,Graves,54.58%,10
Elise,JUNGLE,weak_against,Quinn,35.48%,1
Elise,JUNGLE,weak_against,Sejuani,35.90%,2
Elise,JUNGLE,weak_against,Lillia,39.80%,3
Elise,JUNGLE,weak_against,Rammus,40.38%,4
Elise,JUNGLE,weak_against,Ambessa,40.63%,5
Elise,JUNGLE,weak_against,Nidalee,40.78%,6
Elise,JUNGLE,weak_against,Shaco,42.31%,7
Elise,JUNGLE,weak_against,Jarvan IV,42.94%,8
Elise,JUNGLE,weak_against,Amumu,43.14%,9
Elise,JUNGLE,weak_against,Qiyana,44.44%,10
Elise,SUPPORT,strong_against,Pyke,58.33%,1
Elise,SUPPORT,strong_against,Braum,56.82%,2
Elise,SUPPORT,strong_against,Nami,56.00%,3
Elise,SUPPORT,strong_against,Rell,55.81%,4
Elise,SUPPORT,strong_against,Nautilus,55.43%,5
Elise,SUPPORT,strong_against,Yuumi,53.85%,6
Elise,SUPPORT,strong_against,Blitzcrank,53.33%,7
Elise,SUPPORT,strong_against,Seraphine,52.05%,8
Elise,SUPPORT,strong_against,Camille,51.43%,9
Elise,SUPPORT,strong_against,Bard,51.32%,10
Elise,SUPPORT,weak_against,Zilean,39.47%,1
Elise,SUPPORT,weak_against,Sona,40.63%,2
Elise,SUPPORT,weak_against,Soraka,40.91%,3
Elise,SUPPORT,weak_against,Janna,42.86%,4
Elise,SUPPORT,weak_against,Thresh,43.61%,5
Elise,SUPPORT,weak_against,Alistar,44.00%,6
Elise,SUPPORT,weak_against,Senna,44.23%,7
Elise,SUPPORT,weak_against,Karma,44.64%,8
Elise,SUPPORT,weak_against,Rakan,45.83%,9
Elise,SUPPORT,weak_against,Leona,46.38%,10
Evelynn,JUNGLE,strong_against,Jayce,63.79%,1
Evelynn,JUNGLE,strong_against,Trundle,62.86%,2
Evelynn,JUNGLE,strong_against,Master Yi,58.71%,3
Evelynn,JUNGLE,strong_against,Vi,58.44%,4
Evelynn,JUNGLE,strong_against,Qiyana,58.19%,5
Evelynn,JUNGLE,strong_against,Xin Zhao,57.89%,6
Evelynn,JUNGLE,strong_against,Diana,57.69%,7
Evelynn,JUNGLE,strong_against,Nunu & Willump,56.52%,8
Evelynn,JUNGLE,strong_against,Kayn,55.78%,9
Evelynn,JUNGLE,strong_against,Viego,55.75%,10
Evelynn,JUNGLE,weak_against,Ivern,36.36%,1
Evelynn,JUNGLE,weak_against,Fiddlesticks,38.27%,2
Evelynn,JUNGLE,weak_against,Rammus,38.46%,3
Evelynn,JUNGLE,weak_against,Warwick,44.05%,4
Evelynn,JUNGLE,weak_against,Ekko,44.37%,5
Evelynn,JUNGLE,weak_against,Shaco,44.68%,6
Evelynn,JUNGLE,weak_against,Nidalee,44.92%,7
Evelynn,JUNGLE,weak_against,Bel'Veth,44.95%,8
Evelynn,JUNGLE,weak_against,Lillia,45.87%,9
Evelynn,JUNGLE,weak_against,Udyr,46.67%,10
Ezreal,ADC,strong_against,Swain,51.02%,1
Ezreal,ADC,strong_against,Corki,50.27%,2
Ezreal,ADC,strong_against,Vayne,50.25%,3
Ezreal,ADC,strong_against,Lux,50.00%,4
Ezreal,ADC,strong_against,Ashe,49.96%,5
Ezreal,ADC,strong_against,Caitlyn,49.74%,6
Ezreal,ADC,strong_against,Mel,49.65%,7
Ezreal,ADC,strong_against,Brand,49.56%,8
Ezreal,ADC,strong_against,Xerath,48.75%,9
Ezreal,ADC,strong_against,Miss Fortune,48.27%,10
Ezreal,ADC,weak_against,Senna,36.70%,1
Ezreal,ADC,weak_against,Nilah,37.50%,2
Ezreal,ADC,weak_against,Kog'Maw,38.54%,3
Ezreal,ADC,weak_against,Karthus,40.24%,4
Ezreal,ADC,weak_against,Yasuo,40.75%,5
Ezreal,ADC,weak_against,Sivir,42.99%,6
Ezreal,ADC,weak_against,Zeri,43.43%,7
Ezreal,ADC,weak_against,Katarina,43.66%,8
Ezreal,ADC,weak_against,Vladimir,43.69%,9
Ezreal,ADC,weak_against,Varus,44.19%,10
Fiddlesticks,JUNGLE,strong_against,Jax,65.79%,1
Fiddlesticks,JUNGLE,strong_against,Gwen,63.41%,2
Fiddlesticks,JUNGLE,strong_against,Evelynn,61.73%,3
Fiddlesticks,JUNGLE,strong_against,Rammus,61.11%,4
Fiddlesticks,JUNGLE,strong_against,Kindred,59.74%,5
Fiddlesticks,JUNGLE,strong_against,Ekko,58.33%,6
Fiddlesticks,JUNGLE,strong_against,Quinn,57.14%,7
Fiddlesticks,JUNGLE,strong_against,Zyra,56.41%,8
Fiddlesticks,JUNGLE,strong_against,Nunu & Willump,56.34%,9
Fiddlesticks,JUNGLE,strong_against,Udyr,55.68%,10
Fiddlesticks,JUNGLE,weak_against,Jayce,35.42%,1
Fiddlesticks,JUNGLE,weak_against,Nocturne,45.09%,2
Fiddlesticks,JUNGLE,weak_against,Nidalee,46.15%,3
Fiddlesticks,JUNGLE,weak_against,Sylas,46.21%,4
Fiddlesticks,JUNGLE,weak_against,Aatrox,46.94%,5
Fiddlesticks,JUNGLE,weak_against,Elise,47.37%,6
Fiddlesticks,JUNGLE,weak_against,Master Yi,47.44%,7
Fiddlesticks,JUNGLE,weak_against,Warwick,48.00%,8
Fiddlesticks,JUNGLE,weak_against,Naafiri,48.60%,9
Fiddlesticks,JUNGLE,weak_against,Wukong,48.62%,10
Fiddlesticks,SUPPORT,strong_against,Lulu,62.69%,1
Fiddlesticks,SUPPORT,strong_against,Morgana,56.67%,2
Fiddlesticks,SUPPORT,strong_against,Rakan,53.13%,3
Fiddlesticks,SUPPORT,strong_against,Thresh,52.14%,4
Fiddlesticks,SUPPORT,strong_against,Seraphine,49.15%,5
Fiddlesticks,SUPPORT,strong_against,Nami,49.12%,6
Fiddlesticks,SUPPORT,strong_against,Yuumi,49.06%,7
Fiddlesticks,SUPPORT,strong_against,Senna,48.57%,8
Fiddlesticks,SUPPORT,strong_against,Nautilus,44.93%,9
Fiddlesticks,SUPPORT,strong_against,Leona,44.90%,10
Fiddlesticks,SUPPORT,weak_against,Milio,30.61%,1
Fiddlesticks,SUPPORT,weak_against,Bard,34.00%,2
Fiddlesticks,SUPPORT,weak_against,Karma,38.24%,3
Fiddlesticks,SUPPORT,weak_against,Pyke,40.54%,4
Fiddlesticks,SUPPORT,weak_against,Alistar,41.18%,5
Fiddlesticks,SUPPORT,weak_against,Soraka,41.46%,6
Fiddlesticks,SUPPORT,weak_against,Lux,43.24%,7
Fiddlesticks,SUPPORT,weak_against,Blitzcrank,44.12%,8
Fiddlesticks,SUPPORT,weak_against,Leona,44.90%,9
Fiddlesticks,SUPPORT,weak_against,Nautilus,44.93%,10
Fiora,TOP,strong_against,Tahm Kench,61.19%,1
Fiora,TOP,strong_against,K'Sante,59.43%,2
Fiora,TOP,strong_against,Dr. Mundo,57.35%,3
Fiora,TOP,strong_against,Irelia,55.60%,4
Fiora,TOP,strong_against,Gnar,54.97%,5
Fiora,TOP,strong_against,Ambessa,54.77%,6
Fiora,TOP,strong_against,Gragas,54.55%,7
Fiora,TOP,strong_against,Jayce,53.99%,8
Fiora,TOP,strong_against,Vayne,53.66%,9
Fiora,TOP,strong_against,Darius,53.18%,10
Fiora,TOP,weak_against,Ryze,41.03%,1
Fiora,TOP,weak_against,Vladimir,41.30%,2
Fiora,TOP,weak_against,Warwick,41.86%,3
Fiora,TOP,weak_against,Shen,43.83%,4
Fiora,TOP,weak_against,Olaf,43.95%,5
Fiora,TOP,weak_against,Quinn,44.23%,6
Fiora,TOP,weak_against,Kennen,44.54%,7
Fiora,TOP,weak_against,Wukong,45.24%,8
Fiora,TOP,weak_against,Tryndamere,45.27%,9
Fiora,TOP,weak_against,Kayle,45.28%,10
Fizz,JUNGLE,strong_against,Ekko,60.98%,1
Fizz,JUNGLE,strong_against,Hecarim,60.00%,2
Fizz,JUNGLE,strong_against,Jarvan IV,58.11%,3
Fizz,JUNGLE,strong_against,Nidalee,57.14%,4
Fizz,JUNGLE,strong_against,Briar,57.14%,5
Fizz,JUNGLE,strong_against,Graves,56.29%,6
Fizz,JUNGLE,strong_against,Wukong,55.74%,7
Fizz,JUNGLE,strong_against,Naafiri,55.74%,8
Fizz,JUNGLE,strong_against,Xin Zhao,54.29%,9
Fizz,JUNGLE,strong_against,Zac,53.13%,10
Fizz,JUNGLE,weak_against,Zed,38.71%,1
Fizz,JUNGLE,weak_against,Rengar,39.47%,2
Fizz,JUNGLE,weak_against,Vi,42.86%,3
Fizz,JUNGLE,weak_against,Lee Sin,43.20%,4
Fizz,JUNGLE,weak_against,Qiyana,44.44%,5
Fizz,JUNGLE,weak_against,Talon,45.90%,6
Fizz,JUNGLE,weak_against,Lillia,46.15%,7
Fizz,JUNGLE,weak_against,Master Yi,46.30%,8
Fizz,JUNGLE,weak_against,Diana,46.88%,9
Fizz,JUNGLE,weak_against,Kha'Zix,47.06%,10
Fizz,MID,strong_against,Tristana,68.75%,1
Fizz,MID,strong_against,Mel,61.86%,2
Fizz,MID,strong_against,Garen,60.38%,3
Fizz,MID,strong_against,Irelia,59.38%,4
Fizz,MID,strong_against,Veigar,58.82%,5
Fizz,MID,strong_against,Naafiri,58.00%,6
Fizz,MID,strong_against,Vel'Koz,56.92%,7
Fizz,MID,strong_against,Cassiopeia,56.38%,8
Fizz,MID,strong_against,Xerath,55.75%,9
Fizz,MID,strong_against,LeBlanc,55.00%,10
Fizz,MID,weak_against,Cho'Gath,36.54%,1
Fizz,MID,weak_against,Aurora,44.23%,2
Fizz,MID,weak_against,Akali,45.21%,3
Fizz,MID,weak_against,Azir,45.54%,4
Fizz,MID,weak_against,Diana,46.12%,5
Fizz,MID,weak_against,Ekko,46.60%,6
Fizz,MID,weak_against,Annie,47.25%,7
Fizz,MID,weak_against,Lissandra,47.83%,8
Fizz,MID,weak_against,Ryze,48.76%,9
Fizz,MID,weak_against,Nasus,49.06%,10
Galio,MID,strong_against,Jayce,61.67%,1
Galio,MID,strong_against,Cho'Gath,58.06%,2
Galio,MID,strong_against,Smolder,56.79%,3
Galio,MID,strong_against,Orianna,56.46%,4
Galio,MID,strong_against,Garen,56.25%,5
Galio,MID,strong_against,Naafiri,55.81%,6
Galio,MID,strong_against,Aurora,55.38%,7
Galio,MID,strong_against,Annie,55.34%,8
Galio,MID,strong_against,Malzahar,54.66%,9
Galio,MID,strong_against,Lux,53.01%,10
Galio,MID,weak_against,Veigar,41.78%,1
Galio,MID,weak_against,Irelia,42.73%,2
Galio,MID,weak_against,Ahri,42.89%,3
Galio,MID,weak_against,Hwei,43.85%,4
Galio,MID,weak_against,Syndra,45.33%,5
Galio,MID,weak_against,Twisted Fate,45.50%,6
Galio,MID,weak_against,Akshan,46.07%,7
Galio,MID,weak_against,Pantheon,46.30%,8
Galio,MID,weak_against,Viktor,46.41%,9
Galio,MID,weak_against,Vex,46.46%,10
Gangplank,TOP,strong_against,Vayne,62.38%,1
Gangplank,TOP,strong_against,Singed,58.16%,2
Gangplank,TOP,strong_against,Renekton,57.56%,3
Gangplank,TOP,strong_against,Wukong,56.82%,4
Gangplank,TOP,strong_against,Vladimir,55.97%,5
Gangplank,TOP,strong_against,Yone,55.91%,6
Gangplank,TOP,strong_against,Garen,55.84%,7
Gangplank,TOP,strong_against,Urgot,55.73%,8
Gangplank,TOP,strong_against,Shen,55.06%,9
Gangplank,TOP,strong_against,Yasuo,54.75%,10
Gangplank,TOP,weak_against,Quinn,40.23%,1
Gangplank,TOP,weak_against,Pantheon,44.75%,2
Gangplank,TOP,weak_against,Trundle,45.37%,3
Gangplank,TOP,weak_against,Olaf,45.48%,4
Gangplank,TOP,weak_against,Kled,46.99%,5
Gangplank,TOP,weak_against,Ornn,48.34%,6
Gangplank,TOP,weak_against,Tahm Kench,48.46%,7
Gangplank,TOP,weak_against,Malphite,48.47%,8
Gangplank,TOP,weak_against,Kayle,48.81%,9
Gangplank,TOP,weak_against,Warwick,48.96%,10
Garen,TOP,strong_against,Kled,62.63%,1
Garen,TOP,strong_against,Poppy,59.30%,2
Garen,TOP,strong_against,K'Sante,58.82%,3
Garen,TOP,strong_against,Riven,58.62%,4
Garen,TOP,strong_against,Renekton,57.52%,5
Garen,TOP,strong_against,Vayne,57.20%,6
Garen,TOP,strong_against,Pantheon,56.36%,7
Garen,TOP,strong_against,Irelia,55.84%,8
Garen,TOP,strong_against,Sion,55.31%,9
Garen,TOP,strong_against,Jax,54.81%,10
Garen,TOP,weak_against,Gangplank,43.82%,1
Garen,TOP,weak_against,Quinn,44.93%,2
Garen,TOP,weak_against,Tahm Kench,45.21%,3
Garen,TOP,weak_against,Singed,45.80%,4
Garen,TOP,weak_against,Anivia,46.67%,5
Garen,TOP,weak_against,Camille,47.12%,6
Garen,TOP,weak_against,Yone,47.27%,7
Garen,TOP,weak_against,Rumble,47.50%,8
Garen,TOP,weak_against,Teemo,47.76%,9
Garen,TOP,weak_against,Jayce,47.87%,10
Gnar,TOP,strong_against,Quinn,60.53%,1
Gnar,TOP,strong_against,Dr. Mundo,58.44%,2
Gnar,TOP,strong_against,Varus,56.10%,3
Gnar,TOP,strong_against,Poppy,54.76%,4
Gnar,TOP,strong_against,Mordekaiser,54.67%,5
Gnar,TOP,strong_against,Vayne,54.48%,6
Gnar,TOP,strong_against,Heimerdinger,54.29%,7
Gnar,TOP,strong_against,K'Sante,53.95%,8
Gnar,TOP,strong_against,Volibear,53.19%,9
Gnar,TOP,strong_against,Yone,52.80%,10
Gnar,TOP,weak_against,Urgot,42.11%,1
Gnar,TOP,weak_against,Fiora,43.79%,2
Gnar,TOP,weak_against,Malphite,44.64%,3
Gnar,TOP,weak_against,Gwen,44.86%,4
Gnar,TOP,weak_against,Ornn,45.13%,5
Gnar,TOP,weak_against,Nasus,45.41%,6
Gnar,TOP,weak_against,Vladimir,45.45%,7
Gnar,TOP,weak_against,Yorick,45.51%,8
Gnar,TOP,weak_against,Tryndamere,45.95%,9
Gnar,TOP,weak_against,Gangplank,46.08%,10
Gragas,JUNGLE,strong_against,Rengar,76.19%,1
Gragas,JUNGLE,strong_against,Jarvan IV,63.49%,2
Gragas,JUNGLE,strong_against,Briar,62.96%,3
Gragas,JUNGLE,strong_against,Hecarim,60.53%,4
Gragas,JUNGLE,strong_against,Qiyana,60.00%,5
Gragas,JUNGLE,strong_against,Vi,56.60%,6
Gragas,JUNGLE,strong_against,Kha'Zix,55.93%,7
Gragas,JUNGLE,strong_against,Nocturne,55.36%,8
Gragas,JUNGLE,strong_against,Graves,54.89%,9
Gragas,JUNGLE,strong_against,Wukong,53.49%,10
Gragas,JUNGLE,weak_against,Master Yi,39.62%,1
Gragas,JUNGLE,weak_against,Lillia,40.00%,2
Gragas,JUNGLE,weak_against,Zac,41.46%,3
Gragas,JUNGLE,weak_against,Shyvana,42.86%,4
Gragas,JUNGLE,weak_against,Kayn,43.10%,5
Gragas,JUNGLE,weak_against,Bel'Veth,43.33%,6
Gragas,JUNGLE,weak_against,Xin Zhao,45.45%,7
Gragas,JUNGLE,weak_against,Talon,46.30%,8
Gragas,JUNGLE,weak_against,Viego,46.39%,9
Gragas,JUNGLE,weak_against,Shaco,46.67%,10
Gragas,TOP,strong_against,K'Sante,65.60%,1
Gragas,TOP,strong_against,Volibear,61.54%,2
Gragas,TOP,strong_against,Tahm Kench,60.78%,3
Gragas,TOP,strong_against,Trundle,58.82%,4
Gragas,TOP,strong_against,Jayce,57.21%,5
Gragas,TOP,strong_against,Ornn,57.14%,6
Gragas,TOP,strong_against,Olaf,56.69%,7
Gragas,TOP,strong_against,Zaahen,56.41%,8
Gragas,TOP,strong_against,Heimerdinger,56.25%,9
Gragas,TOP,strong_against,Rumble,55.81%,10
Gragas,TOP,weak_against,Camille,42.42%,1
Gragas,TOP,weak_against,Dr. Mundo,43.16%,2
Gragas,TOP,weak_against,Urgot,43.94%,3
Gragas,TOP,weak_against,Akali,44.21%,4
Gragas,TOP,weak_against,Warwick,45.16%,5
Gragas,TOP,weak_against,Malphite,45.60%,6
Gragas,TOP,weak_against,Cho'Gath,45.63%,7
Gragas,TOP,weak_against,Fiora,46.07%,8
Gragas,TOP,weak_against,Garen,46.96%,9
Gragas,TOP,weak_against,Aatrox,47.46%,10
Graves,JUNGLE,strong_against,Quinn,56.57%,1
Graves,JUNGLE,strong_against,Cho'Gath,55.56%,2
Graves,JUNGLE,strong_against,Jax,54.09%,3
Graves,JUNGLE,strong_against,Hecarim,52.19%,4
Graves,JUNGLE,strong_against,Briar,51.85%,5
Graves,JUNGLE,strong_against,Rengar,51.74%,6
Graves,JUNGLE,strong_against,Trundle,51.53%,7
Graves,JUNGLE,strong_against,Zed,51.28%,8
Graves,JUNGLE,strong_against,Viego,51.26%,9
Graves,JUNGLE,strong_against,Ekko,50.91%,10
Graves,JUNGLE,weak_against,Ivern,40.65%,1
Graves,JUNGLE,weak_against,Zyra,43.01%,2
Graves,JUNGLE,weak_against,Zac,43.35%,3
Graves,JUNGLE,weak_against,Fizz,43.71%,4
Graves,JUNGLE,weak_against,Skarner,43.79%,5
Graves,JUNGLE,weak_against,Elise,45.42%,6
Graves,JUNGLE,weak_against,Bel'Veth,45.93%,7
Graves,JUNGLE,weak_against,Rek'Sai,46.02%,8
Graves,JUNGLE,weak_against,Rammus,46.03%,9
Graves,JUNGLE,weak_against,Xin Zhao,46.55%,10
Gwen,JUNGLE,strong_against,Xin Zhao,79.41%,1
Gwen,JUNGLE,strong_against,Rek'Sai,71.88%,2
Gwen,JUNGLE,strong_against,Sylas,61.74%,3
Gwen,JUNGLE,strong_against,Naafiri,59.09%,4
Gwen,JUNGLE,strong_against,Nocturne,58.49%,5
Gwen,JUNGLE,strong_against,Jarvan IV,58.04%,6
Gwen,JUNGLE,strong_against,Graves,56.38%,7
Gwen,JUNGLE,strong_against,Udyr,56.10%,8
Gwen,JUNGLE,strong_against,Wukong,55.45%,9
Gwen,JUNGLE,strong_against,Rammus,54.55%,10
Gwen,JUNGLE,weak_against,Fiddlesticks,36.59%,1
Gwen,JUNGLE,weak_against,Nunu & Willump,41.03%,2
Gwen,JUNGLE,weak_against,Diana,43.18%,3
Gwen,JUNGLE,weak_against,Vi,43.75%,4
Gwen,JUNGLE,weak_against,Sejuani,44.12%,5
Gwen,JUNGLE,weak_against,Qiyana,46.55%,6
Gwen,JUNGLE,weak_against,Master Yi,47.17%,7
Gwen,JUNGLE,weak_against,Shyvana,47.73%,8
Gwen,JUNGLE,weak_against,Kha'Zix,47.83%,9
Gwen,JUNGLE,weak_against,Warwick,47.83%,10
Gwen,TOP,strong_against,Vayne,59.09%,1
Gwen,TOP,strong_against,Olaf,59.00%,2
Gwen,TOP,strong_against,Dr. Mundo,58.70%,3
Gwen,TOP,strong_against,Sion,57.62%,4
Gwen,TOP,strong_against,Anivia,56.25%,5
Gwen,TOP,strong_against,K'Sante,55.00%,6
Gwen,TOP,strong_against,Mordekaiser,54.19%,7
Gwen,TOP,strong_against,Rumble,53.25%,8
Gwen,TOP,strong_against,Shen,53.20%,9
Gwen,TOP,strong_against,Aatrox,53.19%,10
Gwen,TOP,weak_against,Kennen,37.04%,1
Gwen,TOP,weak_against,Irelia,40.12%,2
Gwen,TOP,weak_against,Tryndamere,40.98%,3
Gwen,TOP,weak_against,Singed,42.27%,4
Gwen,TOP,weak_against,Warwick,43.04%,5
Gwen,TOP,weak_against,Gragas,43.88%,6
Gwen,TOP,weak_against,Wukong,44.12%,7
Gwen,TOP,weak_against,Ambessa,44.22%,8
Gwen,TOP,weak_against,Trundle,44.93%,9
Gwen,TOP,weak_against,Yone,45.83%,10
Hecarim,JUNGLE,strong_against,Karthus,56.25%,1
Hecarim,JUNGLE,strong_against,Kindred,55.73%,2
Hecarim,JUNGLE,strong_against,Xin Zhao,55.72%,3
Hecarim,JUNGLE,strong_against,Rengar,54.68%,4
Hecarim,JUNGLE,strong_against,Nidalee,54.49%,5
Hecarim,JUNGLE,strong_against,Ambessa,54.21%,6
Hecarim,JUNGLE,strong_against,Qiyana,54.12%,7
Hecarim,JUNGLE,strong_against,Rek'Sai,54.03%,8
Hecarim,JUNGLE,strong_against,Viego,52.46%,9
Hecarim,JUNGLE,strong_against,Quinn,52.03%,10
Hecarim,JUNGLE,weak_against,Udyr,39.02%,1
Hecarim,JUNGLE,weak_against,Rammus,40.30%,2
Hecarim,JUNGLE,weak_against,Aatrox,41.88%,3
Hecarim,JUNGLE,weak_against,Diana,41.91%,4
Hecarim,JUNGLE,weak_against,Nunu & Willump,42.86%,5
Hecarim,JUNGLE,weak_against,Shyvana,43.16%,6
Hecarim,JUNGLE,weak_against,Amumu,43.40%,7
Hecarim,JUNGLE,weak_against,Jax,43.41%,8
Hecarim,JUNGLE,weak_against,Trundle,44.44%,9
Hecarim,JUNGLE,weak_against,Skarner,44.72%,10
Heimerdinger,TOP,strong_against,Tahm Kench,64.71%,1
Heimerdinger,TOP,strong_against,Ambessa,60.00%,2
Heimerdinger,TOP,strong_against,Mordekaiser,58.54%,3
Heimerdinger,TOP,strong_against,Volibear,57.58%,4
Heimerdinger,TOP,strong_against,Cho'Gath,56.60%,5
Heimerdinger,TOP,strong_against,Jayce,56.34%,6
Heimerdinger,TOP,strong_against,Sett,55.56%,7
Heimerdinger,TOP,strong_against,Gwen,54.84%,8
Heimerdinger,TOP,strong_against,Singed,54.76%,9
Heimerdinger,TOP,strong_against,Shen,54.72%,10
Heimerdinger,TOP,weak_against,Kled,36.67%,1
Heimerdinger,TOP,weak_against,Teemo,41.77%,2
Heimerdinger,TOP,weak_against,Malphite,42.67%,3
Heimerdinger,TOP,weak_against,Sion,43.75%,4
Heimerdinger,TOP,weak_against,Riven,45.16%,5
Heimerdinger,TOP,weak_against,Akali,45.45%,6
Heimerdinger,TOP,weak_against,Nasus,45.66%,7
Heimerdinger,TOP,weak_against,Fiora,45.71%,8
Heimerdinger,TOP,weak_against,K'Sante,45.76%,9
Heimerdinger,TOP,weak_against,Gnar,46.48%,10
Hwei,ADC,strong_against,Varus,70.59%,1
Hwei,ADC,strong_against,Samira,66.18%,2
Hwei,ADC,strong_against,Lucian,64.93%,3
Hwei,ADC,strong_against,Aphelios,60.00%,4
Hwei,ADC,strong_against,Yasuo,60.00%,5
Hwei,ADC,strong_against,Ashe,59.79%,6
Hwei,ADC,strong_against,Caitlyn,59.28%,7
Hwei,ADC,strong_against,Ziggs,58.57%,8
Hwei,ADC,strong_against,Draven,57.83%,9
Hwei,ADC,strong_against,Kog'Maw,54.76%,10
Hwei,ADC,weak_against,Syndra,41.98%,1
Hwei,ADC,weak_against,Kalista,43.59%,2
Hwei,ADC,weak_against,Sivir,43.69%,3
Hwei,ADC,weak_against,Xerath,44.44%,4
Hwei,ADC,weak_against,Viktor,46.36%,5
Hwei,ADC,weak_against,Jinx,46.49%,6
Hwei,ADC,weak_against,Vayne,47.06%,7
Hwei,ADC,weak_against,Mel,47.83%,8
Hwei,ADC,weak_against,Smolder,47.95%,9
Hwei,ADC,weak_against,Tristana,49.13%,10
Hwei,MID,strong_against,Pantheon,69.23%,1
Hwei,MID,strong_against,Swain,66.67%,2
Hwei,MID,strong_against,Jayce,66.04%,3
Hwei,MID,strong_against,Brand,64.10%,4
Hwei,MID,strong_against,Talon,58.89%,5
Hwei,MID,strong_against,Naafiri,58.33%,6
Hwei,MID,strong_against,Cho'Gath,56.25%,7
Hwei,MID,strong_against,Irelia,56.16%,8
Hwei,MID,strong_against,Galio,56.15%,9
Hwei,MID,strong_against,Anivia,55.48%,10
Hwei,MID,weak_against,Annie,41.98%,1
Hwei,MID,weak_against,Vex,42.54%,2
Hwei,MID,weak_against,Vel'Koz,43.10%,3
Hwei,MID,weak_against,Ziggs,43.24%,4
Hwei,MID,weak_against,Lux,45.50%,5
Hwei,MID,weak_against,Zoe,46.25%,6
Hwei,MID,weak_against,Fizz,46.88%,7
Hwei,MID,weak_against,Zed,47.22%,8
Hwei,MID,weak_against,Ekko,47.74%,9
Hwei,MID,weak_against,Akshan,48.45%,10
Hwei,SUPPORT,strong_against,Yuumi,63.89%,1
Hwei,SUPPORT,strong_against,Bard,61.90%,2
Hwei,SUPPORT,strong_against,Xerath,60.00%,3
Hwei,SUPPORT,strong_against,Morgana,54.55%,4
Hwei,SUPPORT,strong_against,Karma,54.29%,5
Hwei,SUPPORT,strong_against,Milio,54.00%,6
Hwei,SUPPORT,strong_against,Soraka,53.85%,7
Hwei,SUPPORT,strong_against,Leona,53.03%,8
Hwei,SUPPORT,strong_against,Janna,52.78%,9
Hwei,SUPPORT,strong_against,Lux,50.00%,10
Hwei,SUPPORT,weak_against,Pantheon,26.47%,1
Hwei,SUPPORT,weak_against,Senna,38.78%,2
Hwei,SUPPORT,weak_against,Rakan,39.53%,3
Hwei,SUPPORT,weak_against,Alistar,40.91%,4
Hwei,SUPPORT,weak_against,Braum,41.18%,5
Hwei,SUPPORT,weak_against,Pyke,41.67%,6
Hwei,SUPPORT,weak_against,Seraphine,41.89%,7
Hwei,SUPPORT,weak_against,Thresh,42.75%,8
Hwei,SUPPORT,weak_against,Lulu,44.05%,9
Hwei,SUPPORT,weak_against,Blitzcrank,46.67%,10
Illaoi,TOP,strong_against,Warwick,65.63%,1
Illaoi,TOP,strong_against,Malphite,61.33%,2
Illaoi,TOP,strong_against,Dr. Mundo,60.42%,3
Illaoi,TOP,strong_against,Jax,60.32%,4
Illaoi,TOP,strong_against,Olaf,59.17%,5
Illaoi,TOP,strong_against,Cho'Gath,58.33%,6
Illaoi,TOP,strong_against,Singed,58.06%,7
Illaoi,TOP,strong_against,Pantheon,57.95%,8
Illaoi,TOP,strong_against,Kled,56.90%,9
Illaoi,TOP,strong_against,Volibear,56.59%,10
Illaoi,TOP,weak_against,Kayle,36.61%,1
Illaoi,TOP,weak_against,Teemo,37.29%,2
Illaoi,TOP,weak_against,Kennen,39.34%,3
Illaoi,TOP,weak_against,Tryndamere,42.73%,4
Illaoi,TOP,weak_against,Varus,43.75%,5
Illaoi,TOP,weak_against,Camille,44.12%,6
Illaoi,TOP,weak_against,Trundle,45.28%,7
Illaoi,TOP,weak_against,Fiora,45.53%,8
Illaoi,TOP,weak_against,Jayce,45.76%,9
Illaoi,TOP,weak_against,Aatrox,45.85%,10
Irelia,MID,strong_against,Galio,57.27%,1
Irelia,MID,strong_against,Anivia,56.99%,2
Irelia,MID,strong_against,Orianna,56.43%,3
Irelia,MID,strong_against,Talon,55.91%,4
Irelia,MID,strong_against,Syndra,54.89%,5
Irelia,MID,strong_against,Cassiopeia,54.67%,6
Irelia,MID,strong_against,Garen,54.29%,7
Irelia,MID,strong_against,Yasuo,54.15%,8
Irelia,MID,strong_against,Veigar,53.68%,9
Irelia,MID,strong_against,Yone,53.17%,10
Irelia,MID,weak_against,Pantheon,36.67%,1
Irelia,MID,weak_against,Fizz,40.63%,2
Irelia,MID,weak_against,Sylas,41.60%,3
Irelia,MID,weak_against,Malphite,41.94%,4
Irelia,MID,weak_against,Taliyah,43.24%,5
Irelia,MID,weak_against,Gwen,43.24%,6
Irelia,MID,weak_against,Aurelion Sol,43.66%,7
Irelia,MID,weak_against,Hwei,43.84%,8
Irelia,MID,weak_against,Azir,44.59%,9
Irelia,MID,weak_against,Locke,44.72%,10
Irelia,TOP,strong_against,Jayce,59.11%,1
Irelia,TOP,strong_against,Kled,58.95%,2
Irelia,TOP,strong_against,Teemo,58.19%,3
Irelia,TOP,strong_against,Gwen,57.99%,4
Irelia,TOP,strong_against,Dr. Mundo,57.86%,5
Irelia,TOP,strong_against,Ambessa,56.20%,6
Irelia,TOP,strong_against,Vladimir,55.79%,7
Irelia,TOP,strong_against,Yorick,55.45%,8
Irelia,TOP,strong_against,Kennen,54.86%,9
Irelia,TOP,strong_against,Yasuo,54.75%,10
Irelia,TOP,weak_against,Trundle,39.25%,1
Irelia,TOP,weak_against,Volibear,41.18%,2
Irelia,TOP,weak_against,Olaf,42.48%,3
Irelia,TOP,weak_against,Fiora,43.67%,4
Irelia,TOP,weak_against,Garen,44.85%,5
Irelia,TOP,weak_against,Jax,45.40%,6
Irelia,TOP,weak_against,Sett,46.56%,7
Irelia,TOP,weak_against,Zaahen,46.89%,8
Irelia,TOP,weak_against,Riven,46.95%,9
Irelia,TOP,weak_against,Poppy,46.97%,10
Ivern,JUNGLE,strong_against,Rek'Sai,68.42%,1
Ivern,JUNGLE,strong_against,Xin Zhao,66.67%,2
Ivern,JUNGLE,strong_against,Kindred,63.83%,3
Ivern,JUNGLE,strong_against,Evelynn,63.64%,4
Ivern,JUNGLE,strong_against,Briar,62.50%,5
Ivern,JUNGLE,strong_against,Vi,60.24%,6
Ivern,JUNGLE,strong_against,Quinn,59.46%,7
Ivern,JUNGLE,strong_against,Graves,59.35%,8
Ivern,JUNGLE,strong_against,Rengar,58.11%,9
Ivern,JUNGLE,strong_against,Amumu,57.50%,10
Ivern,JUNGLE,weak_against,Elise,39.47%,1
Ivern,JUNGLE,weak_against,Naafiri,40.00%,2
Ivern,JUNGLE,weak_against,Kha'Zix,41.76%,3
Ivern,JUNGLE,weak_against,Zed,42.50%,4
Ivern,JUNGLE,weak_against,Zyra,43.75%,5
Ivern,JUNGLE,weak_against,Talon,45.16%,6
Ivern,JUNGLE,weak_against,Ekko,46.59%,7
Ivern,JUNGLE,weak_against,Jayce,47.73%,8
Ivern,JUNGLE,weak_against,Bel'Veth,48.00%,9
Ivern,JUNGLE,weak_against,Jarvan IV,48.21%,10
Janna,SUPPORT,strong_against,Shaco,63.08%,1
Janna,SUPPORT,strong_against,Swain,60.98%,2
Janna,SUPPORT,strong_against,Xerath,59.09%,3
Janna,SUPPORT,strong_against,Shen,57.63%,4
Janna,SUPPORT,strong_against,Morgana,57.32%,5
Janna,SUPPORT,strong_against,Elise,57.14%,6
Janna,SUPPORT,strong_against,Camille,57.05%,7
Janna,SUPPORT,strong_against,Zoe,56.82%,8
Janna,SUPPORT,strong_against,Sylas,56.52%,9
Janna,SUPPORT,strong_against,Neeko,55.71%,10
Janna,SUPPORT,weak_against,Renata Glasc,40.48%,1
Janna,SUPPORT,weak_against,Zyra,44.66%,2
Janna,SUPPORT,weak_against,Tahm Kench,45.45%,3
Janna,SUPPORT,weak_against,Taric,46.48%,4
Janna,SUPPORT,weak_against,Nami,46.80%,5
Janna,SUPPORT,weak_against,Hwei,47.22%,6
Janna,SUPPORT,weak_against,Nautilus,47.38%,7
Janna,SUPPORT,weak_against,Zilean,47.98%,8
Janna,SUPPORT,weak_against,Thresh,48.13%,9
Janna,SUPPORT,weak_against,Senna,48.26%,10
Jarvan IV,JUNGLE,strong_against,Elise,57.06%,1
Jarvan IV,JUNGLE,strong_against,Karthus,57.00%,2
Jarvan IV,JUNGLE,strong_against,Pantheon,55.68%,3
Jarvan IV,JUNGLE,strong_against,Rengar,55.46%,4
Jarvan IV,JUNGLE,strong_against,Kha'Zix,54.30%,5
Jarvan IV,JUNGLE,strong_against,Lillia,54.13%,6
Jarvan IV,JUNGLE,strong_against,Diana,53.68%,7
Jarvan IV,JUNGLE,strong_against,Kayn,52.78%,8
Jarvan IV,JUNGLE,strong_against,Hecarim,52.03%,9
Jarvan IV,JUNGLE,strong_against,Rammus,51.82%,10
Jarvan IV,JUNGLE,weak_against,Rek'Sai,37.98%,1
Jarvan IV,JUNGLE,weak_against,Quinn,41.03%,2
Jarvan IV,JUNGLE,weak_against,Gwen,41.96%,3
Jarvan IV,JUNGLE,weak_against,Nidalee,44.48%,4
Jarvan IV,JUNGLE,weak_against,Briar,45.10%,5
Jarvan IV,JUNGLE,weak_against,Kindred,45.50%,6
Jarvan IV,JUNGLE,weak_against,Cho'Gath,45.54%,7
Jarvan IV,JUNGLE,weak_against,Ekko,46.49%,8
Jarvan IV,JUNGLE,weak_against,Talon,46.98%,9
Jarvan IV,JUNGLE,weak_against,Trundle,47.37%,10
Jax,JUNGLE,strong_against,Diana,58.21%,1
Jax,JUNGLE,strong_against,Quinn,56.67%,2
Jax,JUNGLE,strong_against,Zac,56.34%,3
Jax,JUNGLE,strong_against,Hecarim,56.15%,4
Jax,JUNGLE,strong_against,Amumu,56.00%,5
Jax,JUNGLE,strong_against,Bel'Veth,55.24%,6
Jax,JUNGLE,strong_against,Wukong,54.91%,7
Jax,JUNGLE,strong_against,Nunu & Willump,54.84%,8
Jax,JUNGLE,strong_against,Kindred,54.35%,9
Jax,JUNGLE,strong_against,Master Yi,52.90%,10
Jax,JUNGLE,weak_against,Fiddlesticks,34.21%,1
Jax,JUNGLE,weak_against,Xin Zhao,38.96%,2
Jax,JUNGLE,weak_against,Nocturne,44.12%,3
Jax,JUNGLE,weak_against,Shyvana,44.63%,4
Jax,JUNGLE,weak_against,Nidalee,45.00%,5
Jax,JUNGLE,weak_against,Qiyana,45.68%,6
Jax,JUNGLE,weak_against,Graves,45.91%,7
Jax,JUNGLE,weak_against,Ekko,45.98%,8
Jax,JUNGLE,weak_against,Lillia,46.58%,9
Jax,JUNGLE,weak_against,Kha'Zix,47.22%,10
Jax,TOP,strong_against,Riven,60.41%,1
Jax,TOP,strong_against,Varus,59.09%,2
Jax,TOP,strong_against,Volibear,58.92%,3
Jax,TOP,strong_against,Trundle,56.98%,4
Jax,TOP,strong_against,Wukong,56.67%,5
Jax,TOP,strong_against,Yorick,55.85%,6
Jax,TOP,strong_against,Yone,55.70%,7
Jax,TOP,strong_against,Zaahen,54.05%,8
Jax,TOP,strong_against,Irelia,53.94%,9
Jax,TOP,strong_against,Heimerdinger,53.16%,10
Jax,TOP,weak_against,Dr. Mundo,38.44%,1
Jax,TOP,weak_against,Poppy,40.26%,2
Jax,TOP,weak_against,Illaoi,40.32%,3
Jax,TOP,weak_against,Singed,41.67%,4
Jax,TOP,weak_against,Pantheon,42.08%,5
Jax,TOP,weak_against,Kled,43.87%,6
Jax,TOP,weak_against,Ornn,44.51%,7
Jax,TOP,weak_against,Teemo,44.75%,8
Jax,TOP,weak_against,Urgot,44.87%,9
Jax,TOP,weak_against,Garen,45.23%,10
Jayce,JUNGLE,strong_against,Fiddlesticks,64.58%,1
Jayce,JUNGLE,strong_against,Kayn,57.25%,2
Jayce,JUNGLE,strong_against,Zyra,55.07%,3
Jayce,JUNGLE,strong_against,Viego,53.30%,4
Jayce,JUNGLE,strong_against,Ivern,52.27%,5
Jayce,JUNGLE,strong_against,Zac,52.24%,6
Jayce,JUNGLE,strong_against,Master Yi,52.14%,7
Jayce,JUNGLE,strong_against,Karthus,52.08%,8
Jayce,JUNGLE,strong_against,Jarvan IV,51.81%,9
Jayce,JUNGLE,strong_against,Diana,51.72%,10
Jayce,JUNGLE,weak_against,Sejuani,30.56%,1
Jayce,JUNGLE,weak_against,Evelynn,36.21%,2
Jayce,JUNGLE,weak_against,Aatrox,37.50%,3
Jayce,JUNGLE,weak_against,Rek'Sai,40.38%,4
Jayce,JUNGLE,weak_against,Taliyah,41.30%,5
Jayce,JUNGLE,weak_against,Shyvana,41.67%,6
Jayce,JUNGLE,weak_against,Kindred,42.62%,7
Jayce,JUNGLE,weak_against,Skarner,43.24%,8
Jayce,JUNGLE,weak_against,Qiyana,43.55%,9
Jayce,JUNGLE,weak_against,Sylas,44.96%,10
Jayce,MID,strong_against,Orianna,63.04%,1
Jayce,MID,strong_against,Zed,62.00%,2
Jayce,MID,strong_against,Yone,56.04%,3
Jayce,MID,strong_against,Viktor,55.14%,4
Jayce,MID,strong_against,Zoe,54.84%,5
Jayce,MID,strong_against,Ahri,52.88%,6
Jayce,MID,strong_against,Yasuo,51.04%,7
Jayce,MID,strong_against,Katarina,49.49%,8
Jayce,MID,strong_against,Lissandra,49.32%,9
Jayce,MID,strong_against,Xerath,49.06%,10
Jayce,MID,weak_against,Vladimir,32.35%,1
Jayce,MID,weak_against,Hwei,33.96%,2
Jayce,MID,weak_against,Galio,38.33%,3
Jayce,MID,weak_against,LeBlanc,38.33%,4
Jayce,MID,weak_against,Ryze,39.53%,5
Jayce,MID,weak_against,Qiyana,41.67%,6
Jayce,MID,weak_against,Sylas,44.44%,7
Jayce,MID,weak_against,Malzahar,44.68%,8
Jayce,MID,weak_against,Ekko,45.16%,9
Jayce,MID,weak_against,Twisted Fate,45.31%,10
Jayce,TOP,strong_against,Volibear,55.97%,1
Jayce,TOP,strong_against,Singed,55.56%,2
Jayce,TOP,strong_against,Warwick,55.06%,3
Jayce,TOP,strong_against,Illaoi,54.62%,4
Jayce,TOP,strong_against,Rumble,54.44%,5
Jayce,TOP,strong_against,K'Sante,54.31%,6
Jayce,TOP,strong_against,Darius,54.27%,7
Jayce,TOP,strong_against,Akali,54.22%,8
Jayce,TOP,strong_against,Vayne,54.22%,9
Jayce,TOP,strong_against,Gwen,52.63%,10
Jayce,TOP,weak_against,Riven,39.75%,1
Jayce,TOP,weak_against,Quinn,40.23%,2
Jayce,TOP,weak_against,Irelia,41.32%,3
Jayce,TOP,weak_against,Vladimir,41.56%,4
Jayce,TOP,weak_against,Teemo,43.12%,5
Jayce,TOP,weak_against,Gragas,43.20%,6
Jayce,TOP,weak_against,Malphite,43.47%,7
Jayce,TOP,weak_against,Cho'Gath,43.59%,8
Jayce,TOP,weak_against,Heimerdinger,43.66%,9
Jayce,TOP,weak_against,Ornn,43.87%,10
Jhin,ADC,strong_against,Mel,55.29%,1
Jhin,ADC,strong_against,Corki,53.85%,2
Jhin,ADC,strong_against,Brand,53.79%,3
Jhin,ADC,strong_against,Smolder,52.91%,4
Jhin,ADC,strong_against,Ezreal,52.68%,5
Jhin,ADC,strong_against,Miss Fortune,52.42%,6
Jhin,ADC,strong_against,Caitlyn,52.21%,7
Jhin,ADC,strong_against,Vayne,52.21%,8
Jhin,ADC,strong_against,Varus,51.98%,9
Jhin,ADC,strong_against,Aurelion Sol,51.93%,10
Jhin,ADC,weak_against,Lux,39.47%,1
Jhin,ADC,weak_against,Karthus,40.16%,2
Jhin,ADC,weak_against,Nilah,42.92%,3
Jhin,ADC,weak_against,Veigar,44.67%,4
Jhin,ADC,weak_against,Kog'Maw,44.89%,5
Jhin,ADC,weak_against,Swain,45.41%,6
Jhin,ADC,weak_against,Vladimir,45.52%,7
Jhin,ADC,weak_against,Vel'Koz,45.58%,8
Jhin,ADC,weak_against,Tristana,46.21%,9
Jhin,ADC,weak_against,Yasuo,46.60%,10
Jinx,ADC,strong_against,Varus,58.15%,1
Jinx,ADC,strong_against,Mel,57.98%,2
Jinx,ADC,strong_against,Vayne,56.03%,3
Jinx,ADC,strong_against,Ezreal,54.57%,4
Jinx,ADC,strong_against,Karthus,54.40%,5
Jinx,ADC,strong_against,Zeri,54.34%,6
Jinx,ADC,strong_against,Lucian,53.74%,7
Jinx,ADC,strong_against,Hwei,53.51%,8
Jinx,ADC,strong_against,Kai'Sa,53.39%,9
Jinx,ADC,strong_against,Draven,53.01%,10
Jinx,ADC,weak_against,Lux,42.62%,1
Jinx,ADC,weak_against,Xerath,47.34%,2
Jinx,ADC,weak_against,Yasuo,47.45%,3
Jinx,ADC,weak_against,Twitch,48.10%,4
Jinx,ADC,weak_against,Katarina,48.98%,5
Jinx,ADC,weak_against,Viktor,49.64%,6
Jinx,ADC,weak_against,Tristana,49.71%,7
Jinx,ADC,weak_against,Swain,49.78%,8
Jinx,ADC,weak_against,Nilah,49.81%,9
Jinx,ADC,weak_against,Xayah,49.89%,10
K'Sante,TOP,strong_against,Warwick,59.72%,1
K'Sante,TOP,strong_against,Ryze,55.56%,2
K'Sante,TOP,strong_against,Malphite,53.42%,3
K'Sante,TOP,strong_against,Trundle,53.33%,4
K'Sante,TOP,strong_against,Dr. Mundo,52.90%,5
K'Sante,TOP,strong_against,Tahm Kench,52.63%,6
K'Sante,TOP,strong_against,Volibear,52.52%,7
K'Sante,TOP,strong_against,Aatrox,52.29%,8
K'Sante,TOP,strong_against,Heimerdinger,51.72%,9
K'Sante,TOP,strong_against,Jax,51.63%,10
K'Sante,TOP,weak_against,Gragas,35.54%,1
K'Sante,TOP,weak_against,Tryndamere,38.07%,2
K'Sante,TOP,weak_against,Kennen,39.47%,3
K'Sante,TOP,weak_against,Singed,39.85%,4
K'Sante,TOP,weak_against,Pantheon,40.00%,5
K'Sante,TOP,weak_against,Shen,40.21%,6
K'Sante,TOP,weak_against,Kayle,40.27%,7
K'Sante,TOP,weak_against,Urgot,40.88%,8
K'Sante,TOP,weak_against,Garen,41.35%,9
K'Sante,TOP,weak_against,Camille,41.52%,10
Kai'Sa,ADC,strong_against,Mel,54.96%,1
Kai'Sa,ADC,strong_against,Ziggs,54.14%,2
Kai'Sa,ADC,strong_against,Vayne,53.95%,3
Kai'Sa,ADC,strong_against,Ezreal,53.74%,4
Kai'Sa,ADC,strong_against,Katarina,53.50%,5
Kai'Sa,ADC,strong_against,Brand,52.94%,6
Kai'Sa,ADC,strong_against,Xerath,51.83%,7
Kai'Sa,ADC,strong_against,Jhin,51.76%,8
Kai'Sa,ADC,strong_against,Lucian,50.92%,9
Kai'Sa,ADC,strong_against,Kalista,50.86%,10
Kai'Sa,ADC,weak_against,Vladimir,42.53%,1
Kai'Sa,ADC,weak_against,Karthus,42.59%,2
Kai'Sa,ADC,weak_against,Aurelion Sol,44.14%,3
Kai'Sa,ADC,weak_against,Swain,44.53%,4
Kai'Sa,ADC,weak_against,Senna,45.96%,5
Kai'Sa,ADC,weak_against,Xayah,46.58%,6
Kai'Sa,ADC,weak_against,Jinx,46.61%,7
Kai'Sa,ADC,weak_against,Zeri,46.68%,8
Kai'Sa,ADC,weak_against,Draven,47.21%,9
Kai'Sa,ADC,weak_against,Aphelios,47.44%,10
Kalista,ADC,strong_against,Lux,74.19%,1
Kalista,ADC,strong_against,Syndra,62.65%,2
Kalista,ADC,strong_against,Ziggs,61.84%,3
Kalista,ADC,strong_against,Katarina,60.00%,4
Kalista,ADC,strong_against,Zeri,59.41%,5
Kalista,ADC,strong_against,Seraphine,57.97%,6
Kalista,ADC,strong_against,Xerath,57.89%,7
Kalista,ADC,strong_against,Hwei,56.41%,8
Kalista,ADC,strong_against,Vayne,55.24%,9
Kalista,ADC,strong_against,Veigar,55.10%,10
Kalista,ADC,weak_against,Miss Fortune,39.47%,1
Kalista,ADC,weak_against,Mel,40.32%,2
Kalista,ADC,weak_against,Corki,40.70%,3
Kalista,ADC,weak_against,Swain,40.91%,4
Kalista,ADC,weak_against,Yunara,42.81%,5
Kalista,ADC,weak_against,Draven,47.18%,6
Kalista,ADC,weak_against,Varus,47.30%,7
Kalista,ADC,weak_against,Twitch,47.40%,8
Kalista,ADC,weak_against,Tristana,47.45%,9
Kalista,ADC,weak_against,Jinx,47.46%,10
Karma,SUPPORT,strong_against,Mel,69.33%,1
Karma,SUPPORT,strong_against,Fiddlesticks,61.76%,2
Karma,SUPPORT,strong_against,Ashe,61.54%,3
Karma,SUPPORT,strong_against,Teemo,59.09%,4
Karma,SUPPORT,strong_against,Swain,58.22%,5
Karma,SUPPORT,strong_against,Shaco,58.02%,6
Karma,SUPPORT,strong_against,Renata Glasc,57.41%,7
Karma,SUPPORT,strong_against,Maokai,55.84%,8
Karma,SUPPORT,strong_against,Xerath,55.37%,9
Karma,SUPPORT,strong_against,Elise,55.36%,10
Karma,SUPPORT,weak_against,Amumu,34.78%,1
Karma,SUPPORT,weak_against,Braum,40.77%,2
Karma,SUPPORT,weak_against,Tahm Kench,43.48%,3
Karma,SUPPORT,weak_against,Bard,45.34%,4
Karma,SUPPORT,weak_against,Nautilus,45.70%,5
Karma,SUPPORT,weak_against,Hwei,45.71%,6
Karma,SUPPORT,weak_against,Sona,45.90%,7
Karma,SUPPORT,weak_against,Leona,45.95%,8
Karma,SUPPORT,weak_against,Shen,46.24%,9
Karma,SUPPORT,weak_against,Neeko,46.30%,10
Karthus,ADC,strong_against,Syndra,67.57%,1
Karthus,ADC,strong_against,Ashe,60.00%,2
Karthus,ADC,strong_against,Jhin,59.84%,3
Karthus,ADC,strong_against,Ezreal,59.76%,4
Karthus,ADC,strong_against,Tristana,58.11%,5
Karthus,ADC,strong_against,Kai'Sa,57.41%,6
Karthus,ADC,strong_against,Aphelios,57.14%,7
Karthus,ADC,strong_against,Yunara,56.00%,8
Karthus,ADC,strong_against,Twitch,52.17%,9
Karthus,ADC,strong_against,Sivir,50.94%,10
Karthus,ADC,weak_against,Viktor,32.35%,1
Karthus,ADC,weak_against,Seraphine,40.00%,2
Karthus,ADC,weak_against,Draven,41.86%,3
Karthus,ADC,weak_against,Miss Fortune,44.12%,4
Karthus,ADC,weak_against,Jinx,45.60%,5
Karthus,ADC,weak_against,Zeri,46.15%,6
Karthus,ADC,weak_against,Xayah,46.15%,7
Karthus,ADC,weak_against,Caitlyn,46.59%,8
Karthus,ADC,weak_against,Samira,46.88%,9
Karthus,ADC,weak_against,Lucian,49.18%,10
Karthus,JUNGLE,strong_against,Briar,59.46%,1
Karthus,JUNGLE,strong_against,Zac,56.86%,2
Karthus,JUNGLE,strong_against,Qiyana,55.88%,3
Karthus,JUNGLE,strong_against,Warwick,55.26%,4
Karthus,JUNGLE,strong_against,Rammus,55.26%,5
Karthus,JUNGLE,strong_against,Shyvana,54.88%,6
Karthus,JUNGLE,strong_against,Diana,54.29%,7
Karthus,JUNGLE,strong_against,Zed,53.23%,8
Karthus,JUNGLE,strong_against,Graves,52.94%,9
Karthus,JUNGLE,strong_against,Kayn,52.83%,10
Karthus,JUNGLE,weak_against,Kindred,37.78%,1
Karthus,JUNGLE,weak_against,Nunu & Willump,39.47%,2
Karthus,JUNGLE,weak_against,Lillia,40.28%,3
Karthus,JUNGLE,weak_against,Udyr,41.18%,4
Karthus,JUNGLE,weak_against,Elise,41.94%,5
Karthus,JUNGLE,weak_against,Jarvan IV,43.00%,6
Karthus,JUNGLE,weak_against,Wukong,43.30%,7
Karthus,JUNGLE,weak_against,Nidalee,43.53%,8
Karthus,JUNGLE,weak_against,Hecarim,43.75%,9
Karthus,JUNGLE,weak_against,Naafiri,44.59%,10
Kassadin,MID,strong_against,Vel'Koz,65.91%,1
Kassadin,MID,strong_against,Pantheon,61.67%,2
Kassadin,MID,strong_against,Garen,58.82%,3
Kassadin,MID,strong_against,Ekko,57.55%,4
Kassadin,MID,strong_against,Aurora,57.38%,5
Kassadin,MID,strong_against,Ryze,56.20%,6
Kassadin,MID,strong_against,Aurelion Sol,55.56%,7
Kassadin,MID,strong_against,Talon,55.07%,8
Kassadin,MID,strong_against,Diana,54.88%,9
Kassadin,MID,strong_against,Jayce,54.55%,10
Kassadin,MID,weak_against,Nasus,36.46%,1
Kassadin,MID,weak_against,Anivia,41.94%,2
Kassadin,MID,weak_against,Cassiopeia,43.33%,3
Kassadin,MID,weak_against,Yone,44.41%,4
Kassadin,MID,weak_against,Annie,46.15%,5
Kassadin,MID,weak_against,Lux,46.55%,6
Kassadin,MID,weak_against,Tristana,46.73%,7
Kassadin,MID,weak_against,Zoe,46.94%,8
Kassadin,MID,weak_against,Zed,47.03%,9
Kassadin,MID,weak_against,Syndra,47.04%,10
Katarina,ADC,strong_against,Sivir,71.88%,1
Katarina,ADC,strong_against,Yasuo,61.02%,2
Katarina,ADC,strong_against,Veigar,58.54%,3
Katarina,ADC,strong_against,Syndra,57.97%,4
Katarina,ADC,strong_against,Viktor,57.35%,5
Katarina,ADC,strong_against,Miss Fortune,56.72%,6
Katarina,ADC,strong_against,Ezreal,56.34%,7
Katarina,ADC,strong_against,Ashe,55.07%,8
Katarina,ADC,strong_against,Caitlyn,52.82%,9
Katarina,ADC,strong_against,Jhin,52.67%,10
Katarina,ADC,weak_against,Kalista,40.00%,1
Katarina,ADC,weak_against,Seraphine,43.33%,2
Katarina,ADC,weak_against,Smolder,44.23%,3
Katarina,ADC,weak_against,Tristana,44.44%,4
Katarina,ADC,weak_against,Twitch,45.95%,5
Katarina,ADC,weak_against,Lucian,46.38%,6
Katarina,ADC,weak_against,Kai'Sa,46.50%,7
Katarina,ADC,weak_against,Zeri,47.37%,8
Katarina,ADC,weak_against,Samira,48.08%,9
Katarina,ADC,weak_against,Xayah,50.00%,10
Katarina,MID,strong_against,Naafiri,62.65%,1
Katarina,MID,strong_against,Orianna,57.72%,2
Katarina,MID,strong_against,Cassiopeia,56.74%,3
Katarina,MID,strong_against,Locke,56.64%,4
Katarina,MID,strong_against,Mel,56.39%,5
Katarina,MID,strong_against,Yone,56.07%,6
Katarina,MID,strong_against,Syndra,56.01%,7
Katarina,MID,strong_against,Tristana,55.00%,8
Katarina,MID,strong_against,Zed,54.47%,9
Katarina,MID,strong_against,Veigar,54.07%,10
Katarina,MID,weak_against,Malphite,40.91%,1
Katarina,MID,weak_against,Cho'Gath,43.24%,2
Katarina,MID,weak_against,Garen,44.12%,3
Katarina,MID,weak_against,Vladimir,44.73%,4
Katarina,MID,weak_against,Fizz,45.07%,5
Katarina,MID,weak_against,Lissandra,45.50%,6
Katarina,MID,weak_against,Diana,46.17%,7
Katarina,MID,weak_against,Anivia,46.56%,8
Katarina,MID,weak_against,Twisted Fate,46.79%,9
Katarina,MID,weak_against,Vex,47.06%,10
Kayle,TOP,strong_against,Trundle,70.97%,1
Kayle,TOP,strong_against,Rumble,66.67%,2
Kayle,TOP,strong_against,Illaoi,61.61%,3
Kayle,TOP,strong_against,Volibear,61.36%,4
Kayle,TOP,strong_against,Tryndamere,60.42%,5
Kayle,TOP,strong_against,K'Sante,59.59%,6
Kayle,TOP,strong_against,Vayne,58.54%,7
Kayle,TOP,strong_against,Yasuo,58.11%,8
Kayle,TOP,strong_against,Mordekaiser,55.63%,9
Kayle,TOP,strong_against,Fiora,55.14%,10
Kayle,TOP,weak_against,Camille,39.67%,1
Kayle,TOP,weak_against,Akali,39.71%,2
Kayle,TOP,weak_against,Shen,41.80%,3
Kayle,TOP,weak_against,Wukong,41.94%,4
Kayle,TOP,weak_against,Malphite,43.90%,5
Kayle,TOP,weak_against,Ornn,44.63%,6
Kayle,TOP,weak_against,Dr. Mundo,44.94%,7
Kayle,TOP,weak_against,Tahm Kench,45.16%,8
Kayle,TOP,weak_against,Kled,45.45%,9
Kayle,TOP,weak_against,Yorick,45.65%,10
Kayn,JUNGLE,strong_against,Ambessa,57.58%,1
Kayn,JUNGLE,strong_against,Lillia,56.91%,2
Kayn,JUNGLE,strong_against,Malphite,55.81%,3
Kayn,JUNGLE,strong_against,Aatrox,54.55%,4
Kayn,JUNGLE,strong_against,Amumu,54.17%,5
Kayn,JUNGLE,strong_against,Qiyana,53.26%,6
Kayn,JUNGLE,strong_against,Hecarim,52.58%,7
Kayn,JUNGLE,strong_against,Vi,52.02%,8
Kayn,JUNGLE,strong_against,Graves,51.66%,9
Kayn,JUNGLE,strong_against,Gwen,51.46%,10
Kayn,JUNGLE,weak_against,Jayce,42.75%,1
Kayn,JUNGLE,weak_against,Rek'Sai,42.97%,2
Kayn,JUNGLE,weak_against,Zyra,43.41%,3
Kayn,JUNGLE,weak_against,Evelynn,44.44%,4
Kayn,JUNGLE,weak_against,Nunu & Willump,45.34%,5
Kayn,JUNGLE,weak_against,Nidalee,45.42%,6
Kayn,JUNGLE,weak_against,Udyr,46.12%,7
Kayn,JUNGLE,weak_against,Zac,46.42%,8
Kayn,JUNGLE,weak_against,Warwick,46.71%,9
Kayn,JUNGLE,weak_against,Fiddlesticks,46.74%,10
Kennen,TOP,strong_against,Gwen,63.29%,1
Kennen,TOP,strong_against,K'Sante,60.53%,2
Kennen,TOP,strong_against,Vayne,60.38%,3
Kennen,TOP,strong_against,Illaoi,60.00%,4
Kennen,TOP,strong_against,Volibear,59.34%,5
Kennen,TOP,strong_against,Tryndamere,58.49%,6
Kennen,TOP,strong_against,Fiora,57.50%,7
Kennen,TOP,strong_against,Ambessa,56.90%,8
Kennen,TOP,strong_against,Urgot,56.86%,9
Kennen,TOP,strong_against,Akali,56.18%,10
Kennen,TOP,weak_against,Ornn,40.00%,1
Kennen,TOP,weak_against,Nasus,42.92%,2
Kennen,TOP,weak_against,Cho'Gath,44.44%,3
Kennen,TOP,weak_against,Rumble,44.62%,4
Kennen,TOP,weak_against,Yorick,44.71%,5
Kennen,TOP,weak_against,Irelia,45.45%,6
Kennen,TOP,weak_against,Vladimir,45.45%,7
Kennen,TOP,weak_against,Kayle,45.83%,8
Kennen,TOP,weak_against,Trundle,45.95%,9
Kennen,TOP,weak_against,Yone,46.43%,10
Kha'Zix,JUNGLE,strong_against,Ivern,58.24%,1
Kha'Zix,JUNGLE,strong_against,Xin Zhao,56.80%,2
Kha'Zix,JUNGLE,strong_against,Vi,56.35%,3
Kha'Zix,JUNGLE,strong_against,Amumu,55.14%,4
Kha'Zix,JUNGLE,strong_against,Lillia,54.58%,5
Kha'Zix,JUNGLE,strong_against,Qiyana,53.46%,6
Kha'Zix,JUNGLE,strong_against,Bel'Veth,53.36%,7
Kha'Zix,JUNGLE,strong_against,Zed,53.18%,8
Kha'Zix,JUNGLE,strong_against,Jax,52.78%,9
Kha'Zix,JUNGLE,strong_against,Quinn,52.45%,10
Kha'Zix,JUNGLE,weak_against,Cho'Gath,36.84%,1
Kha'Zix,JUNGLE,weak_against,Zyra,41.28%,2
Kha'Zix,JUNGLE,weak_against,Skarner,41.75%,3
Kha'Zix,JUNGLE,weak_against,Naafiri,43.26%,4
Kha'Zix,JUNGLE,weak_against,Aatrox,43.88%,5
Kha'Zix,JUNGLE,weak_against,Trundle,44.44%,6
Kha'Zix,JUNGLE,weak_against,Rengar,44.71%,7
Kha'Zix,JUNGLE,weak_against,Fiddlesticks,45.05%,8
Kha'Zix,JUNGLE,weak_against,Diana,45.36%,9
Kha'Zix,JUNGLE,weak_against,Lee Sin,45.59%,10
Kindred,JUNGLE,strong_against,Skarner,68.18%,1
Kindred,JUNGLE,strong_against,Karthus,62.22%,2
Kindred,JUNGLE,strong_against,Zed,57.65%,3
Kindred,JUNGLE,strong_against,Jayce,57.38%,4
Kindred,JUNGLE,strong_against,Quinn,56.52%,5
Kindred,JUNGLE,strong_against,Bel'Veth,56.48%,6
Kindred,JUNGLE,strong_against,Rek'Sai,56.36%,7
Kindred,JUNGLE,strong_against,Naafiri,54.55%,8
Kindred,JUNGLE,strong_against,Jarvan IV,54.50%,9
Kindred,JUNGLE,strong_against,Qiyana,53.15%,10
Kindred,JUNGLE,weak_against,Ivern,36.17%,1
Kindred,JUNGLE,weak_against,Cho'Gath,37.31%,2
Kindred,JUNGLE,weak_against,Shaco,38.89%,3
Kindred,JUNGLE,weak_against,Fiddlesticks,40.26%,4
Kindred,JUNGLE,weak_against,Rammus,40.35%,5
Kindred,JUNGLE,weak_against,Wukong,40.37%,6
Kindred,JUNGLE,weak_against,Briar,40.74%,7
Kindred,JUNGLE,weak_against,Nidalee,43.12%,8
Kindred,JUNGLE,weak_against,Elise,43.18%,9
Kindred,JUNGLE,weak_against,Warwick,43.90%,10
Kled,TOP,strong_against,Akali,63.64%,1
Kled,TOP,strong_against,Yasuo,62.69%,2
Kled,TOP,strong_against,Ambessa,60.42%,3
Kled,TOP,strong_against,Wukong,59.38%,4
Kled,TOP,strong_against,Vayne,58.33%,5
Kled,TOP,strong_against,Sion,57.14%,6
Kled,TOP,strong_against,Jax,57.05%,7
Kled,TOP,strong_against,Mordekaiser,56.12%,8
Kled,TOP,strong_against,Cho'Gath,55.68%,9
Kled,TOP,strong_against,Kayle,55.56%,10
Kled,TOP,weak_against,Vladimir,38.10%,1
Kled,TOP,weak_against,Riven,38.24%,2
Kled,TOP,weak_against,Garen,38.50%,3
Kled,TOP,weak_against,Pantheon,41.82%,4
Kled,TOP,weak_against,Irelia,41.94%,5
Kled,TOP,weak_against,Kennen,42.00%,6
Kled,TOP,weak_against,Singed,43.24%,7
Kled,TOP,weak_against,Illaoi,45.76%,8
Kled,TOP,weak_against,Warwick,46.51%,9
Kled,TOP,weak_against,Tryndamere,46.67%,10
Kog'Maw,ADC,strong_against,Varus,63.38%,1
Kog'Maw,ADC,strong_against,Mel,61.76%,2
Kog'Maw,ADC,strong_against,Ezreal,61.46%,3
Kog'Maw,ADC,strong_against,Ziggs,58.46%,4
Kog'Maw,ADC,strong_against,Vayne,58.06%,5
Kog'Maw,ADC,strong_against,Xerath,55.56%,6
Kog'Maw,ADC,strong_against,Jhin,55.21%,7
Kog'Maw,ADC,strong_against,Syndra,54.29%,8
Kog'Maw,ADC,strong_against,Yasuo,53.57%,9
Kog'Maw,ADC,strong_against,Tristana,53.31%,10
Kog'Maw,ADC,weak_against,Xayah,42.70%,1
Kog'Maw,ADC,weak_against,Hwei,45.24%,2
Kog'Maw,ADC,weak_against,Viktor,45.92%,3
Kog'Maw,ADC,weak_against,Zeri,46.78%,4
Kog'Maw,ADC,weak_against,Samira,47.57%,5
Kog'Maw,ADC,weak_against,Seraphine,48.39%,6
Kog'Maw,ADC,weak_against,Jinx,48.71%,7
Kog'Maw,ADC,weak_against,Aphelios,48.82%,8
Kog'Maw,ADC,weak_against,Yunara,49.32%,9
Kog'Maw,ADC,weak_against,Caitlyn,49.57%,10
LeBlanc,MID,strong_against,Jayce,61.67%,1
LeBlanc,MID,strong_against,Yone,60.30%,2
LeBlanc,MID,strong_against,Tristana,59.26%,3
LeBlanc,MID,strong_against,Cassiopeia,59.17%,4
LeBlanc,MID,strong_against,Ziggs,58.54%,5
LeBlanc,MID,strong_against,Nasus,56.83%,6
LeBlanc,MID,strong_against,Vel'Koz,56.72%,7
LeBlanc,MID,strong_against,Sion,56.60%,8
LeBlanc,MID,strong_against,Orianna,55.21%,9
LeBlanc,MID,strong_against,Gwen,55.07%,10
LeBlanc,MID,weak_against,Swain,41.46%,1
LeBlanc,MID,weak_against,Vladimir,43.33%,2
LeBlanc,MID,weak_against,Brand,44.68%,3
LeBlanc,MID,weak_against,Annie,44.97%,4
LeBlanc,MID,weak_against,Fizz,45.00%,5
LeBlanc,MID,weak_against,Vex,45.04%,6
LeBlanc,MID,weak_against,Akshan,45.45%,7
LeBlanc,MID,weak_against,Diana,47.13%,8
LeBlanc,MID,weak_against,Malzahar,47.24%,9
LeBlanc,MID,weak_against,Anivia,47.98%,10
LeBlanc,SUPPORT,strong_against,Senna,62.00%,1
LeBlanc,SUPPORT,strong_against,Pantheon,60.00%,2
LeBlanc,SUPPORT,strong_against,Xerath,58.54%,3
LeBlanc,SUPPORT,strong_against,Pyke,58.11%,4
LeBlanc,SUPPORT,strong_against,Poppy,55.88%,5
LeBlanc,SUPPORT,strong_against,Rakan,54.76%,6
LeBlanc,SUPPORT,strong_against,Camille,52.38%,7
LeBlanc,SUPPORT,strong_against,Leona,52.33%,8
LeBlanc,SUPPORT,strong_against,Soraka,52.27%,9
LeBlanc,SUPPORT,strong_against,Alistar,51.85%,10
LeBlanc,SUPPORT,weak_against,Rell,31.71%,1
LeBlanc,SUPPORT,weak_against,Braum,34.21%,2
LeBlanc,SUPPORT,weak_against,Nami,41.67%,3
LeBlanc,SUPPORT,weak_against,Lulu,41.88%,4
LeBlanc,SUPPORT,weak_against,Milio,45.10%,5
LeBlanc,SUPPORT,weak_against,Nautilus,45.16%,6
LeBlanc,SUPPORT,weak_against,Morgana,46.51%,7
LeBlanc,SUPPORT,weak_against,Janna,46.67%,8
LeBlanc,SUPPORT,weak_against,Tahm Kench,46.67%,9
LeBlanc,SUPPORT,weak_against,Thresh,46.74%,10
Lee Sin,JUNGLE,strong_against,Karthus,55.06%,1
Lee Sin,JUNGLE,strong_against,Kha'Zix,54.41%,2
Lee Sin,JUNGLE,strong_against,Rengar,53.05%,3
Lee Sin,JUNGLE,strong_against,Bel'Veth,52.73%,4
Lee Sin,JUNGLE,strong_against,Zed,52.61%,5
Lee Sin,JUNGLE,strong_against,Jax,52.40%,6
Lee Sin,JUNGLE,strong_against,Jayce,52.36%,7
Lee Sin,JUNGLE,strong_against,Ambessa,52.19%,8
Lee Sin,JUNGLE,strong_against,Xin Zhao,51.97%,9
Lee Sin,JUNGLE,strong_against,Pantheon,51.74%,10
Lee Sin,JUNGLE,weak_against,Ivern,43.23%,1
Lee Sin,JUNGLE,weak_against,Briar,44.46%,2
Lee Sin,JUNGLE,weak_against,Udyr,44.48%,3
Lee Sin,JUNGLE,weak_against,Taliyah,44.68%,4
Lee Sin,JUNGLE,weak_against,Rek'Sai,45.36%,5
Lee Sin,JUNGLE,weak_against,Evelynn,46.90%,6
Lee Sin,JUNGLE,weak_against,Shaco,46.99%,7
Lee Sin,JUNGLE,weak_against,Fiddlesticks,47.09%,8
Lee Sin,JUNGLE,weak_against,Wukong,47.25%,9
Lee Sin,JUNGLE,weak_against,Warwick,47.33%,10
Leona,SUPPORT,strong_against,Ashe,60.66%,1
Leona,SUPPORT,strong_against,Sylas,58.82%,2
Leona,SUPPORT,strong_against,Camille,58.17%,3
Leona,SUPPORT,strong_against,Neeko,56.77%,4
Leona,SUPPORT,strong_against,Yuumi,56.47%,5
Leona,SUPPORT,strong_against,Shaco,56.39%,6
Leona,SUPPORT,strong_against,Blitzcrank,56.05%,7
Leona,SUPPORT,strong_against,Fiddlesticks,55.10%,8
Leona,SUPPORT,strong_against,Rakan,54.72%,9
Leona,SUPPORT,strong_against,Karma,53.89%,10
Leona,SUPPORT,weak_against,Teemo,36.17%,1
Leona,SUPPORT,weak_against,Taric,44.00%,2
Leona,SUPPORT,weak_against,Galio,44.52%,3
Leona,SUPPORT,weak_against,Soraka,45.14%,4
Leona,SUPPORT,weak_against,Poppy,45.43%,5
Leona,SUPPORT,weak_against,Zoe,45.45%,6
Leona,SUPPORT,weak_against,Amumu,45.45%,7
Leona,SUPPORT,weak_against,Brand,46.07%,8
Leona,SUPPORT,weak_against,Shen,46.79%,9
Leona,SUPPORT,weak_against,Hwei,46.97%,10
Lillia,JUNGLE,strong_against,Elise,60.20%,1
Lillia,JUNGLE,strong_against,Karthus,59.72%,2
Lillia,JUNGLE,strong_against,Taliyah,58.00%,3
Lillia,JUNGLE,strong_against,Cho'Gath,57.89%,4
Lillia,JUNGLE,strong_against,Xin Zhao,57.66%,5
Lillia,JUNGLE,strong_against,Skarner,55.84%,6
Lillia,JUNGLE,strong_against,Naafiri,55.29%,7
Lillia,JUNGLE,strong_against,Shyvana,54.74%,8
Lillia,JUNGLE,strong_against,Trundle,54.55%,9
Lillia,JUNGLE,strong_against,Zac,54.36%,10
Lillia,JUNGLE,weak_against,Zed,43.02%,1
Lillia,JUNGLE,weak_against,Kayn,43.09%,2
Lillia,JUNGLE,weak_against,Shaco,43.46%,3
Lillia,JUNGLE,weak_against,Ivern,44.64%,4
Lillia,JUNGLE,weak_against,Nidalee,44.83%,5
Lillia,JUNGLE,weak_against,Kha'Zix,45.42%,6
Lillia,JUNGLE,weak_against,Jarvan IV,45.72%,7
Lillia,JUNGLE,weak_against,Rengar,46.04%,8
Lillia,JUNGLE,weak_against,Udyr,46.51%,9
Lillia,JUNGLE,weak_against,Nunu & Willump,46.59%,10
Lissandra,MID,strong_against,Pantheon,66.67%,1
Lissandra,MID,strong_against,Cho'Gath,65.22%,2
Lissandra,MID,strong_against,Malphite,64.29%,3
Lissandra,MID,strong_against,Nasus,63.64%,4
Lissandra,MID,strong_against,Azir,59.83%,5
Lissandra,MID,strong_against,Malzahar,59.21%,6
Lissandra,MID,strong_against,Yone,58.65%,7
Lissandra,MID,strong_against,Diana,58.11%,8
Lissandra,MID,strong_against,Akali,57.56%,9
Lissandra,MID,strong_against,Yasuo,56.85%,10
Lissandra,MID,weak_against,Zoe,45.31%,1
Lissandra,MID,weak_against,Tristana,45.33%,2
Lissandra,MID,weak_against,Vex,46.92%,3
Lissandra,MID,weak_against,Swain,47.27%,4
Lissandra,MID,weak_against,Gangplank,47.83%,5
Lissandra,MID,weak_against,Talon,48.09%,6
Lissandra,MID,weak_against,Veigar,48.26%,7
Lissandra,MID,weak_against,Hwei,48.63%,8
Lissandra,MID,weak_against,Gwen,48.68%,9
Lissandra,MID,weak_against,Aurelion Sol,48.74%,10
Lucian,ADC,strong_against,Brand,54.43%,1
Lucian,ADC,strong_against,Katarina,53.62%,2
Lucian,ADC,strong_against,Vladimir,53.33%,3
Lucian,ADC,strong_against,Nilah,53.08%,4
Lucian,ADC,strong_against,Ezreal,52.99%,5
Lucian,ADC,strong_against,Swain,52.63%,6
Lucian,ADC,strong_against,Varus,52.44%,7
Lucian,ADC,strong_against,Corki,52.31%,8
Lucian,ADC,strong_against,Tristana,50.82%,9
Lucian,ADC,strong_against,Karthus,50.82%,10
Lucian,ADC,weak_against,Senna,32.43%,1
Lucian,ADC,weak_against,Hwei,35.07%,2
Lucian,ADC,weak_against,Seraphine,40.71%,3
Lucian,ADC,weak_against,Aurelion Sol,41.54%,4
Lucian,ADC,weak_against,Veigar,43.24%,5
Lucian,ADC,weak_against,Yasuo,43.62%,6
Lucian,ADC,weak_against,Twitch,44.77%,7
Lucian,ADC,weak_against,Smolder,45.16%,8
Lucian,ADC,weak_against,Draven,45.79%,9
Lucian,ADC,weak_against,Vel'Koz,46.25%,10
Lulu,SUPPORT,strong_against,LeBlanc,58.12%,1
Lulu,SUPPORT,strong_against,Shen,58.05%,2
Lulu,SUPPORT,strong_against,Shaco,57.23%,3
Lulu,SUPPORT,strong_against,Ashe,56.18%,4
Lulu,SUPPORT,strong_against,Hwei,55.95%,5
Lulu,SUPPORT,strong_against,Camille,55.67%,6
Lulu,SUPPORT,strong_against,Tahm Kench,54.07%,7
Lulu,SUPPORT,strong_against,Taric,53.46%,8
Lulu,SUPPORT,strong_against,Swain,53.09%,9
Lulu,SUPPORT,strong_against,Karma,53.07%,10
Lulu,SUPPORT,weak_against,Fiddlesticks,37.31%,1
Lulu,SUPPORT,weak_against,Teemo,40.00%,2
Lulu,SUPPORT,weak_against,Thresh,45.76%,3
Lulu,SUPPORT,weak_against,Maokai,45.91%,4
Lulu,SUPPORT,weak_against,Blitzcrank,46.20%,5
Lulu,SUPPORT,weak_against,Braum,46.46%,6
Lulu,SUPPORT,weak_against,Zilean,46.55%,7
Lulu,SUPPORT,weak_against,Brand,46.55%,8
Lulu,SUPPORT,weak_against,Seraphine,47.22%,9
Lulu,SUPPORT,weak_against,Zyra,48.05%,10
Lux,ADC,strong_against,Draven,60.78%,1
Lux,ADC,strong_against,Jhin,60.53%,2
Lux,ADC,strong_against,Tristana,58.78%,3
Lux,ADC,strong_against,Jinx,57.38%,4
Lux,ADC,strong_against,Samira,57.14%,5
Lux,ADC,strong_against,Yunara,55.26%,6
Lux,ADC,strong_against,Ashe,55.07%,7
Lux,ADC,strong_against,Smolder,55.00%,8
Lux,ADC,strong_against,Syndra,54.90%,9
Lux,ADC,strong_against,Ziggs,54.05%,10
Lux,ADC,weak_against,Kalista,25.81%,1
Lux,ADC,weak_against,Xayah,42.86%,2
Lux,ADC,weak_against,Yasuo,43.33%,3
Lux,ADC,weak_against,Twitch,44.44%,4
Lux,ADC,weak_against,Seraphine,45.76%,5
Lux,ADC,weak_against,Zeri,47.06%,6
Lux,ADC,weak_against,Hwei,48.39%,7
Lux,ADC,weak_against,Ezreal,50.00%,8
Lux,ADC,weak_against,Lucian,50.00%,9
Lux,ADC,weak_against,Miss Fortune,50.00%,10
Lux,MID,strong_against,Cassiopeia,64.63%,1
Lux,MID,strong_against,Naafiri,57.41%,2
Lux,MID,strong_against,Taliyah,57.14%,3
Lux,MID,strong_against,Talon,56.67%,4
Lux,MID,strong_against,Nasus,56.19%,5
Lux,MID,strong_against,Mel,56.15%,6
Lux,MID,strong_against,Zoe,55.26%,7
Lux,MID,strong_against,Hwei,54.50%,8
Lux,MID,strong_against,Malzahar,54.39%,9
Lux,MID,strong_against,Veigar,53.89%,10
Lux,MID,weak_against,Gwen,29.41%,1
Lux,MID,weak_against,Vel'Koz,33.33%,2
Lux,MID,weak_against,Aurora,43.62%,3
Lux,MID,weak_against,Sylas,45.07%,4
Lux,MID,weak_against,Twisted Fate,46.47%,5
Lux,MID,weak_against,Fizz,46.69%,6
Lux,MID,weak_against,Galio,46.99%,7
Lux,MID,weak_against,Locke,47.20%,8
Lux,MID,weak_against,Xerath,47.62%,9
Lux,MID,weak_against,Aurelion Sol,47.71%,10
Lux,SUPPORT,strong_against,Poppy,57.69%,1
Lux,SUPPORT,strong_against,Fiddlesticks,56.76%,2
Lux,SUPPORT,strong_against,Galio,56.32%,3
Lux,SUPPORT,strong_against,Morgana,55.45%,4
Lux,SUPPORT,strong_against,Braum,54.58%,5
Lux,SUPPORT,strong_against,Renata Glasc,54.43%,6
Lux,SUPPORT,strong_against,Alistar,53.77%,7
Lux,SUPPORT,strong_against,Maokai,53.26%,8
Lux,SUPPORT,strong_against,Shaco,52.73%,9
Lux,SUPPORT,strong_against,Taric,52.70%,10
Lux,SUPPORT,weak_against,Amumu,42.86%,1
Lux,SUPPORT,weak_against,Vel'Koz,43.07%,2
Lux,SUPPORT,weak_against,Sylas,43.85%,3
Lux,SUPPORT,weak_against,Tahm Kench,44.20%,4
Lux,SUPPORT,weak_against,Zoe,44.29%,5
Lux,SUPPORT,weak_against,Thresh,45.31%,6
Lux,SUPPORT,weak_against,Milio,45.79%,7
Lux,SUPPORT,weak_against,Ashe,45.83%,8
Lux,SUPPORT,weak_against,Neeko,46.43%,9
Lux,SUPPORT,weak_against,Janna,47.01%,10
Malphite,JUNGLE,strong_against,Shaco,60.38%,1
Malphite,JUNGLE,strong_against,Wukong,60.00%,2
Malphite,JUNGLE,strong_against,Viego,58.75%,3
Malphite,JUNGLE,strong_against,Lee Sin,57.24%,4
Malphite,JUNGLE,strong_against,Ekko,56.82%,5
Malphite,JUNGLE,strong_against,Lillia,56.76%,6
Malphite,JUNGLE,strong_against,Rengar,55.36%,7
Malphite,JUNGLE,strong_against,Graves,55.32%,8
Malphite,JUNGLE,strong_against,Shyvana,53.85%,9
Malphite,JUNGLE,strong_against,Briar,53.85%,10
Malphite,JUNGLE,weak_against,Hecarim,30.77%,1
Malphite,JUNGLE,weak_against,Bel'Veth,38.24%,2
Malphite,JUNGLE,weak_against,Sylas,38.57%,3
Malphite,JUNGLE,weak_against,Xin Zhao,41.94%,4
Malphite,JUNGLE,weak_against,Talon,42.65%,5
Malphite,JUNGLE,weak_against,Kayn,44.19%,6
Malphite,JUNGLE,weak_against,Kha'Zix,48.28%,7
Malphite,JUNGLE,weak_against,Nocturne,48.44%,8
Malphite,JUNGLE,weak_against,Master Yi,50.00%,9
Malphite,JUNGLE,weak_against,Qiyana,50.00%,10
Malphite,MID,strong_against,Yone,60.36%,1
Malphite,MID,strong_against,Katarina,59.09%,2
Malphite,MID,strong_against,Akshan,59.02%,3
Malphite,MID,strong_against,Irelia,58.06%,4
Malphite,MID,strong_against,Akali,55.26%,5
Malphite,MID,strong_against,Zed,55.14%,6
Malphite,MID,strong_against,Yasuo,53.19%,7
Malphite,MID,strong_against,Locke,52.63%,8
Malphite,MID,strong_against,Malzahar,50.00%,9
Malphite,MID,strong_against,Qiyana,48.81%,10
Malphite,MID,weak_against,LeBlanc,34.21%,1
Malphite,MID,weak_against,Lissandra,35.71%,2
Malphite,MID,weak_against,Twisted Fate,37.84%,3
Malphite,MID,weak_against,Sylas,38.32%,4
Malphite,MID,weak_against,Ahri,38.67%,5
Malphite,MID,weak_against,Syndra,39.53%,6
Malphite,MID,weak_against,Viktor,47.44%,7
Malphite,MID,weak_against,Qiyana,48.81%,8
Malphite,MID,weak_against,Malzahar,50.00%,9
Malphite,MID,weak_against,Locke,52.63%,10
Malphite,TOP,strong_against,Vayne,63.02%,1
Malphite,TOP,strong_against,Varus,62.11%,2
Malphite,TOP,strong_against,Wukong,60.00%,3
Malphite,TOP,strong_against,Pantheon,57.89%,4
Malphite,TOP,strong_against,Trundle,57.45%,5
Malphite,TOP,strong_against,Heimerdinger,57.33%,6
Malphite,TOP,strong_against,Jayce,56.76%,7
Malphite,TOP,strong_against,Yasuo,55.92%,8
Malphite,TOP,strong_against,Kayle,55.90%,9
Malphite,TOP,strong_against,Tryndamere,54.95%,10
Malphite,TOP,weak_against,Illaoi,39.56%,1
Malphite,TOP,weak_against,Ryze,41.98%,2
Malphite,TOP,weak_against,Dr. Mundo,42.77%,3
Malphite,TOP,weak_against,Vladimir,43.22%,4
Malphite,TOP,weak_against,Cho'Gath,43.29%,5
Malphite,TOP,weak_against,Kled,43.86%,6
Malphite,TOP,weak_against,Rumble,44.93%,7
Malphite,TOP,weak_against,Mordekaiser,45.42%,8
Malphite,TOP,weak_against,Shen,46.12%,9
Malphite,TOP,weak_against,Camille,46.27%,10
Malzahar,MID,strong_against,Brand,68.85%,1
Malzahar,MID,strong_against,Naafiri,59.65%,2
Malzahar,MID,strong_against,Ryze,57.49%,3
Malzahar,MID,strong_against,Aurora,56.59%,4
Malzahar,MID,strong_against,Sylas,56.27%,5
Malzahar,MID,strong_against,Mel,56.03%,6
Malzahar,MID,strong_against,Jayce,55.32%,7
Malzahar,MID,strong_against,Annie,54.81%,8
Malzahar,MID,strong_against,Nasus,54.59%,9
Malzahar,MID,strong_against,Zoe,54.49%,10
Malzahar,MID,weak_against,Swain,33.33%,1
Malzahar,MID,weak_against,Talon,37.19%,2
Malzahar,MID,weak_against,Lissandra,40.79%,3
Malzahar,MID,weak_against,Gwen,42.31%,4
Malzahar,MID,weak_against,Ekko,44.13%,5
Malzahar,MID,weak_against,Locke,45.05%,6
Malzahar,MID,weak_against,Galio,45.34%,7
Malzahar,MID,weak_against,Taliyah,45.45%,8
Malzahar,MID,weak_against,Lux,45.61%,9
Malzahar,MID,weak_against,Aurelion Sol,45.81%,10
Maokai,SUPPORT,strong_against,Bard,58.73%,1
Maokai,SUPPORT,strong_against,Camille,57.14%,2
Maokai,SUPPORT,strong_against,Brand,57.14%,3
Maokai,SUPPORT,strong_against,Zyra,56.00%,4
Maokai,SUPPORT,strong_against,Tahm Kench,56.00%,5
Maokai,SUPPORT,strong_against,Soraka,54.37%,6
Maokai,SUPPORT,strong_against,Morgana,54.32%,7
Maokai,SUPPORT,strong_against,Lulu,54.09%,8
Maokai,SUPPORT,strong_against,Shaco,54.05%,9
Maokai,SUPPORT,strong_against,Sona,53.52%,10
Maokai,SUPPORT,weak_against,Shen,38.10%,1
Maokai,SUPPORT,weak_against,Taric,39.39%,2
Maokai,SUPPORT,weak_against,Braum,41.03%,3
Maokai,SUPPORT,weak_against,Rakan,43.56%,4
Maokai,SUPPORT,weak_against,Yuumi,43.80%,5
Maokai,SUPPORT,weak_against,Karma,44.16%,6
Maokai,SUPPORT,weak_against,Swain,45.61%,7
Maokai,SUPPORT,weak_against,Lux,46.74%,8
Maokai,SUPPORT,weak_against,Nautilus,47.08%,9
Maokai,SUPPORT,weak_against,Janna,47.17%,10
Master Yi,JUNGLE,strong_against,Diana,64.67%,1
Master Yi,JUNGLE,strong_against,Zed,56.32%,2
Master Yi,JUNGLE,strong_against,Volibear,56.14%,3
Master Yi,JUNGLE,strong_against,Karthus,55.22%,4
Master Yi,JUNGLE,strong_against,Naafiri,53.99%,5
Master Yi,JUNGLE,strong_against,Xin Zhao,53.59%,6
Master Yi,JUNGLE,strong_against,Bel'Veth,53.08%,7
Master Yi,JUNGLE,strong_against,Pantheon,53.03%,8
Master Yi,JUNGLE,strong_against,Quinn,53.00%,9
Master Yi,JUNGLE,strong_against,Graves,52.87%,10
Master Yi,JUNGLE,weak_against,Trundle,40.51%,1
Master Yi,JUNGLE,weak_against,Evelynn,40.65%,2
Master Yi,JUNGLE,weak_against,Cho'Gath,40.86%,3
Master Yi,JUNGLE,weak_against,Skarner,42.65%,4
Master Yi,JUNGLE,weak_against,Wukong,42.83%,5
Master Yi,JUNGLE,weak_against,Warwick,43.59%,6
Master Yi,JUNGLE,weak_against,Udyr,44.37%,7
Master Yi,JUNGLE,weak_against,Rek'Sai,44.44%,8
Master Yi,JUNGLE,weak_against,Zyra,44.71%,9
Master Yi,JUNGLE,weak_against,Sejuani,45.19%,10
Master Yi,TOP,strong_against,Jayce,63.27%,1
Master Yi,TOP,strong_against,Irelia,61.54%,2
Master Yi,TOP,strong_against,Garen,52.73%,3
Master Yi,TOP,strong_against,Tryndamere,51.61%,4
Master Yi,TOP,strong_against,Aatrox,51.28%,5
Master Yi,TOP,strong_against,Malphite,50.00%,6
Master Yi,TOP,strong_against,Renekton,48.57%,7
Master Yi,TOP,strong_against,Jax,47.69%,8
Master Yi,TOP,strong_against,Nasus,47.27%,9
Master Yi,TOP,strong_against,Darius,47.17%,10
Master Yi,TOP,weak_against,Gangplank,36.96%,1
Master Yi,TOP,weak_against,Yone,42.86%,2
Master Yi,TOP,weak_against,Mordekaiser,42.86%,3
Master Yi,TOP,weak_against,Sett,44.74%,4
Master Yi,TOP,weak_against,Camille,46.67%,5
Master Yi,TOP,weak_against,Ambessa,47.06%,6
Master Yi,TOP,weak_against,Darius,47.17%,7
Master Yi,TOP,weak_against,Nasus,47.27%,8
Master Yi,TOP,weak_against,Jax,47.69%,9
Master Yi,TOP,weak_against,Renekton,48.57%,10
Mel,ADC,strong_against,Kalista,59.68%,1
Mel,ADC,strong_against,Syndra,52.83%,2
Mel,ADC,strong_against,Twitch,52.38%,3
Mel,ADC,strong_against,Hwei,52.17%,4
Mel,ADC,strong_against,Caitlyn,52.00%,5
Mel,ADC,strong_against,Lucian,51.98%,6
Mel,ADC,strong_against,Draven,51.75%,7
Mel,ADC,strong_against,Ezreal,50.17%,8
Mel,ADC,strong_against,Yunara,50.00%,9
Mel,ADC,strong_against,Ziggs,50.00%,10
Mel,ADC,weak_against,Xerath,30.65%,1
Mel,ADC,weak_against,Zeri,34.41%,2
Mel,ADC,weak_against,Sivir,37.50%,3
Mel,ADC,weak_against,Smolder,38.10%,4
Mel,ADC,weak_against,Kog'Maw,38.24%,5
Mel,ADC,weak_against,Yasuo,40.68%,6
Mel,ADC,weak_against,Xayah,40.98%,7
Mel,ADC,weak_against,Vayne,41.03%,8
Mel,ADC,weak_against,Jinx,42.02%,9
Mel,ADC,weak_against,Viktor,42.31%,10
Mel,MID,strong_against,Ryze,55.71%,1
Mel,MID,strong_against,Yone,55.63%,2
Mel,MID,strong_against,Talon,55.56%,3
Mel,MID,strong_against,Nasus,52.08%,4
Mel,MID,strong_against,Ahri,51.72%,5
Mel,MID,strong_against,Diana,50.00%,6
Mel,MID,strong_against,Azir,50.00%,7
Mel,MID,strong_against,Cassiopeia,50.00%,8
Mel,MID,strong_against,Hwei,49.57%,9
Mel,MID,strong_against,Vex,49.44%,10
Mel,MID,weak_against,Akshan,32.79%,1
Mel,MID,weak_against,Vladimir,36.62%,2
Mel,MID,weak_against,Tristana,37.50%,3
Mel,MID,weak_against,Yasuo,37.63%,4
Mel,MID,weak_against,Fizz,38.14%,5
Mel,MID,weak_against,Xerath,40.52%,6
Mel,MID,weak_against,Twisted Fate,40.53%,7
Mel,MID,weak_against,Viktor,40.95%,8
Mel,MID,weak_against,Ekko,41.89%,9
Mel,MID,weak_against,Anivia,42.11%,10
Mel,SUPPORT,strong_against,Nami,56.41%,1
Mel,SUPPORT,strong_against,Lux,51.38%,2
Mel,SUPPORT,strong_against,Leona,49.23%,3
Mel,SUPPORT,strong_against,Morgana,48.89%,4
Mel,SUPPORT,strong_against,Thresh,47.87%,5
Mel,SUPPORT,strong_against,Lulu,47.44%,6
Mel,SUPPORT,strong_against,Pantheon,45.95%,7
Mel,SUPPORT,strong_against,Milio,45.00%,8
Mel,SUPPORT,strong_against,Pyke,43.75%,9
Mel,SUPPORT,strong_against,Blitzcrank,42.16%,10
Mel,SUPPORT,weak_against,Soraka,25.00%,1
Mel,SUPPORT,weak_against,Zyra,26.67%,2
Mel,SUPPORT,weak_against,Karma,30.67%,3
Mel,SUPPORT,weak_against,Nautilus,35.29%,4
Mel,SUPPORT,weak_against,Yuumi,37.14%,5
Mel,SUPPORT,weak_against,Seraphine,38.38%,6
Mel,SUPPORT,weak_against,Senna,38.46%,7
Mel,SUPPORT,weak_against,Braum,38.71%,8
Mel,SUPPORT,weak_against,Bard,40.43%,9
Mel,SUPPORT,weak_against,Blitzcrank,42.16%,10
Milio,SUPPORT,strong_against,Fiddlesticks,69.39%,1
Milio,SUPPORT,strong_against,Renata Glasc,65.26%,2
Milio,SUPPORT,strong_against,Galio,63.89%,3
Milio,SUPPORT,strong_against,Camille,60.00%,4
Milio,SUPPORT,strong_against,Pantheon,58.51%,5
Milio,SUPPORT,strong_against,Ashe,57.81%,6
Milio,SUPPORT,strong_against,Swain,57.44%,7
Milio,SUPPORT,strong_against,Amumu,57.41%,8
Milio,SUPPORT,strong_against,Morgana,56.63%,9
Milio,SUPPORT,strong_against,Brand,56.60%,10
Milio,SUPPORT,weak_against,Blitzcrank,43.68%,1
Milio,SUPPORT,weak_against,Zilean,45.45%,2
Milio,SUPPORT,weak_against,Shen,45.61%,3
Milio,SUPPORT,weak_against,Rell,45.76%,4
Milio,SUPPORT,weak_against,Sona,45.77%,5
Milio,SUPPORT,weak_against,Hwei,46.00%,6
Milio,SUPPORT,weak_against,Janna,46.34%,7
Milio,SUPPORT,weak_against,Thresh,47.57%,8
Milio,SUPPORT,weak_against,Maokai,48.20%,9
Milio,SUPPORT,weak_against,Braum,48.82%,10
Miss Fortune,ADC,strong_against,Kalista,60.53%,1
Miss Fortune,ADC,strong_against,Samira,56.15%,2
Miss Fortune,ADC,strong_against,Varus,56.10%,3
Miss Fortune,ADC,strong_against,Karthus,55.88%,4
Miss Fortune,ADC,strong_against,Mel,53.85%,5
Miss Fortune,ADC,strong_against,Smolder,52.41%,6
Miss Fortune,ADC,strong_against,Aphelios,51.71%,7
Miss Fortune,ADC,strong_against,Ezreal,51.67%,8
Miss Fortune,ADC,strong_against,Kai'Sa,51.62%,9
Miss Fortune,ADC,strong_against,Syndra,51.35%,10
Miss Fortune,ADC,weak_against,Corki,42.25%,1
Miss Fortune,ADC,weak_against,Viktor,42.50%,2
Miss Fortune,ADC,weak_against,Senna,42.59%,3
Miss Fortune,ADC,weak_against,Katarina,43.28%,4
Miss Fortune,ADC,weak_against,Xerath,43.33%,5
Miss Fortune,ADC,weak_against,Swain,43.48%,6
Miss Fortune,ADC,weak_against,Zeri,43.90%,7
Miss Fortune,ADC,weak_against,Yasuo,44.38%,8
Miss Fortune,ADC,weak_against,Veigar,45.33%,9
Miss Fortune,ADC,weak_against,Ashe,46.84%,10
Mordekaiser,TOP,strong_against,Cho'Gath,56.52%,1
Mordekaiser,TOP,strong_against,Rumble,56.30%,2
Mordekaiser,TOP,strong_against,Malphite,55.06%,3
Mordekaiser,TOP,strong_against,Yorick,53.81%,4
Mordekaiser,TOP,strong_against,Jayce,53.70%,5
Mordekaiser,TOP,strong_against,Olaf,53.35%,6
Mordekaiser,TOP,strong_against,Aatrox,53.28%,7
Mordekaiser,TOP,strong_against,Vladimir,52.63%,8
Mordekaiser,TOP,strong_against,Camille,52.49%,9
Mordekaiser,TOP,strong_against,Tahm Kench,52.47%,10
Mordekaiser,TOP,weak_against,Heimerdinger,40.48%,1
Mordekaiser,TOP,weak_against,Akali,41.57%,2
Mordekaiser,TOP,weak_against,Singed,43.40%,3
Mordekaiser,TOP,weak_against,Darius,43.84%,4
Mordekaiser,TOP,weak_against,Gnar,44.34%,5
Mordekaiser,TOP,weak_against,Gwen,44.57%,6
Mordekaiser,TOP,weak_against,Kayle,44.59%,7
Mordekaiser,TOP,weak_against,Kled,44.93%,8
Mordekaiser,TOP,weak_against,Urgot,45.05%,9
Mordekaiser,TOP,weak_against,Riven,45.06%,10
Morgana,SUPPORT,strong_against,Tahm Kench,58.10%,1
Morgana,SUPPORT,strong_against,Zoe,57.41%,2
Morgana,SUPPORT,strong_against,Yuumi,56.98%,3
Morgana,SUPPORT,strong_against,Shaco,55.93%,4
Morgana,SUPPORT,strong_against,Sylas,55.77%,5
Morgana,SUPPORT,strong_against,Shen,55.17%,6
Morgana,SUPPORT,strong_against,LeBlanc,53.49%,7
Morgana,SUPPORT,strong_against,Nautilus,52.67%,8
Morgana,SUPPORT,strong_against,Ashe,52.63%,9
Morgana,SUPPORT,strong_against,Bard,52.43%,10
Morgana,SUPPORT,weak_against,Xerath,38.92%,1
Morgana,SUPPORT,weak_against,Renata Glasc,38.98%,2
Morgana,SUPPORT,weak_against,Amumu,41.67%,3
Morgana,SUPPORT,weak_against,Janna,42.68%,4
Morgana,SUPPORT,weak_against,Poppy,42.70%,5
Morgana,SUPPORT,weak_against,Fiddlesticks,43.33%,6
Morgana,SUPPORT,weak_against,Milio,43.37%,7
Morgana,SUPPORT,weak_against,Senna,44.48%,8
Morgana,SUPPORT,weak_against,Lux,44.55%,9
Morgana,SUPPORT,weak_against,Rakan,44.76%,10
Naafiri,JUNGLE,strong_against,Ivern,60.00%,1
Naafiri,JUNGLE,strong_against,Taliyah,58.82%,2
Naafiri,JUNGLE,strong_against,Kha'Zix,56.74%,3
Naafiri,JUNGLE,strong_against,Nidalee,56.30%,4
Naafiri,JUNGLE,strong_against,Trundle,55.93%,5
Naafiri,JUNGLE,strong_against,Karthus,55.41%,6
Naafiri,JUNGLE,strong_against,Cho'Gath,55.22%,7
Naafiri,JUNGLE,strong_against,Bel'Veth,54.39%,8
Naafiri,JUNGLE,strong_against,Aatrox,54.24%,9
Naafiri,JUNGLE,strong_against,Rengar,53.97%,10
Naafiri,JUNGLE,weak_against,Zyra,35.11%,1
Naafiri,JUNGLE,weak_against,Rek'Sai,41.94%,2
Naafiri,JUNGLE,weak_against,Amumu,43.00%,3
Naafiri,JUNGLE,weak_against,Shaco,43.64%,4
Naafiri,JUNGLE,weak_against,Warwick,43.66%,5
Naafiri,JUNGLE,weak_against,Nocturne,44.08%,6
Naafiri,JUNGLE,weak_against,Fizz,44.26%,7
Naafiri,JUNGLE,weak_against,Lillia,44.71%,8
Naafiri,JUNGLE,weak_against,Kindred,45.45%,9
Naafiri,JUNGLE,weak_against,Master Yi,46.01%,10
Naafiri,MID,strong_against,Ahri,58.59%,1
Naafiri,MID,strong_against,Sylas,57.14%,2
Naafiri,MID,strong_against,Twisted Fate,54.24%,3
Naafiri,MID,strong_against,LeBlanc,52.33%,4
Naafiri,MID,strong_against,Xerath,51.72%,5
Naafiri,MID,strong_against,Syndra,51.49%,6
Naafiri,MID,strong_against,Veigar,51.28%,7
Naafiri,MID,strong_against,Zoe,51.11%,8
Naafiri,MID,strong_against,Yasuo,50.65%,9
Naafiri,MID,strong_against,Locke,50.00%,10
Naafiri,MID,weak_against,Katarina,37.35%,1
Naafiri,MID,weak_against,Ekko,38.24%,2
Naafiri,MID,weak_against,Malzahar,40.35%,3
Naafiri,MID,weak_against,Diana,40.63%,4
Naafiri,MID,weak_against,Hwei,41.67%,5
Naafiri,MID,weak_against,Fizz,42.00%,6
Naafiri,MID,weak_against,Yone,42.39%,7
Naafiri,MID,weak_against,Lux,42.59%,8
Naafiri,MID,weak_against,Viktor,42.86%,9
Naafiri,MID,weak_against,Akshan,43.24%,10
Nami,SUPPORT,strong_against,Sylas,61.82%,1
Nami,SUPPORT,strong_against,Camille,60.46%,2
Nami,SUPPORT,strong_against,LeBlanc,58.33%,3
Nami,SUPPORT,strong_against,Teemo,58.06%,4
Nami,SUPPORT,strong_against,Neeko,56.33%,5
Nami,SUPPORT,strong_against,Renata Glasc,56.25%,6
Nami,SUPPORT,strong_against,Soraka,54.18%,7
Nami,SUPPORT,strong_against,Yuumi,54.18%,8
Nami,SUPPORT,strong_against,Swain,53.99%,9
Nami,SUPPORT,strong_against,Ashe,53.41%,10
Nami,SUPPORT,weak_against,Mel,43.59%,1
Nami,SUPPORT,weak_against,Elise,44.00%,2
Nami,SUPPORT,weak_against,Zoe,45.00%,3
Nami,SUPPORT,weak_against,Sona,47.07%,4
Nami,SUPPORT,weak_against,Thresh,47.24%,5
Nami,SUPPORT,weak_against,Rell,47.36%,6
Nami,SUPPORT,weak_against,Zilean,47.61%,7
Nami,SUPPORT,weak_against,Braum,47.69%,8
Nami,SUPPORT,weak_against,Poppy,47.87%,9
Nami,SUPPORT,weak_against,Amumu,48.21%,10
Nasus,TOP,strong_against,Vayne,58.10%,1
Nasus,TOP,strong_against,Akali,57.68%,2
Nasus,TOP,strong_against,Vladimir,57.33%,3
Nasus,TOP,strong_against,Kennen,56.19%,4
Nasus,TOP,strong_against,Yasuo,55.64%,5
Nasus,TOP,strong_against,Sion,55.45%,6
Nasus,TOP,strong_against,Jayce,55.39%,7
Nasus,TOP,strong_against,Heimerdinger,54.86%,8
Nasus,TOP,strong_against,Master Yi,54.21%,9
Nasus,TOP,strong_against,Dr. Mundo,53.87%,10
Nasus,TOP,weak_against,Shen,45.32%,1
Nasus,TOP,weak_against,Tahm Kench,45.59%,2
Nasus,TOP,weak_against,Ornn,46.31%,3
Nasus,TOP,weak_against,Urgot,46.69%,4
Nasus,TOP,weak_against,Riven,46.91%,5
Nasus,TOP,weak_against,Garen,47.13%,6
Nasus,TOP,weak_against,Ambessa,47.95%,7
Nasus,TOP,weak_against,Sett,48.21%,8
Nasus,TOP,weak_against,Teemo,48.39%,9
Nasus,TOP,weak_against,Kled,48.50%,10
Nautilus,SUPPORT,strong_against,Mel,64.71%,1
Nautilus,SUPPORT,strong_against,Ashe,61.70%,2
Nautilus,SUPPORT,strong_against,Yuumi,59.40%,3
Nautilus,SUPPORT,strong_against,Fiddlesticks,55.07%,4
Nautilus,SUPPORT,strong_against,Camille,55.06%,5
Nautilus,SUPPORT,strong_against,LeBlanc,54.84%,6
Nautilus,SUPPORT,strong_against,Amumu,54.84%,7
Nautilus,SUPPORT,strong_against,Bard,54.65%,8
Nautilus,SUPPORT,strong_against,Karma,54.30%,9
Nautilus,SUPPORT,strong_against,Xerath,54.03%,10
Nautilus,SUPPORT,weak_against,Taric,43.70%,1
Nautilus,SUPPORT,weak_against,Elise,44.57%,2
Nautilus,SUPPORT,weak_against,Rell,44.62%,3
Nautilus,SUPPORT,weak_against,Braum,45.48%,4
Nautilus,SUPPORT,weak_against,Galio,46.75%,5
Nautilus,SUPPORT,weak_against,Leona,46.90%,6
Nautilus,SUPPORT,weak_against,Soraka,47.11%,7
Nautilus,SUPPORT,weak_against,Morgana,47.33%,8
Nautilus,SUPPORT,weak_against,Swain,47.42%,9
Nautilus,SUPPORT,weak_against,Rakan,47.80%,10
Neeko,SUPPORT,strong_against,Zilean,65.00%,1
Neeko,SUPPORT,strong_against,Yuumi,57.01%,2
Neeko,SUPPORT,strong_against,Rell,53.85%,3
Neeko,SUPPORT,strong_against,Swain,53.85%,4
Neeko,SUPPORT,strong_against,Karma,53.70%,5
Neeko,SUPPORT,strong_against,Lux,53.57%,6
Neeko,SUPPORT,strong_against,Pantheon,53.49%,7
Neeko,SUPPORT,strong_against,Xerath,53.03%,8
Neeko,SUPPORT,strong_against,Braum,51.81%,9
Neeko,SUPPORT,strong_against,Pyke,51.64%,10
Neeko,SUPPORT,weak_against,Sylas,35.90%,1
Neeko,SUPPORT,weak_against,Tahm Kench,36.11%,2
Neeko,SUPPORT,weak_against,Sona,40.00%,3
Neeko,SUPPORT,weak_against,Shaco,42.42%,4
Neeko,SUPPORT,weak_against,Leona,43.23%,5
Neeko,SUPPORT,weak_against,Zyra,43.40%,6
Neeko,SUPPORT,weak_against,Poppy,43.64%,7
Neeko,SUPPORT,weak_against,Nami,43.67%,8
Neeko,SUPPORT,weak_against,Brand,43.90%,9
Neeko,SUPPORT,weak_against,Janna,44.29%,10
Nidalee,JUNGLE,strong_against,Pantheon,71.11%,1
Nidalee,JUNGLE,strong_against,Rammus,61.22%,2
Nidalee,JUNGLE,strong_against,Elise,59.22%,3
Nidalee,JUNGLE,strong_against,Trundle,58.33%,4
Nidalee,JUNGLE,strong_against,Taliyah,56.94%,5
Nidalee,JUNGLE,strong_against,Kindred,56.88%,6
Nidalee,JUNGLE,strong_against,Karthus,56.47%,7
Nidalee,JUNGLE,strong_against,Sylas,56.23%,8
Nidalee,JUNGLE,strong_against,Jarvan IV,55.52%,9
Nidalee,JUNGLE,strong_against,Lillia,55.17%,10
Nidalee,JUNGLE,weak_against,Fizz,42.86%,1
Nidalee,JUNGLE,weak_against,Cho'Gath,43.08%,2
Nidalee,JUNGLE,weak_against,Naafiri,43.70%,3
Nidalee,JUNGLE,weak_against,Zac,45.00%,4
Nidalee,JUNGLE,weak_against,Sejuani,45.61%,5
Nidalee,JUNGLE,weak_against,Hecarim,45.66%,6
Nidalee,JUNGLE,weak_against,Xin Zhao,47.29%,7
Nidalee,JUNGLE,weak_against,Wukong,47.33%,8
Nidalee,JUNGLE,weak_against,Ivern,48.28%,9
Nidalee,JUNGLE,weak_against,Aatrox,48.39%,10
Nilah,ADC,strong_against,Draven,65.43%,1
Nilah,ADC,strong_against,Ezreal,62.50%,2
Nilah,ADC,strong_against,Ashe,59.52%,3
Nilah,ADC,strong_against,Yasuo,57.14%,4
Nilah,ADC,strong_against,Jhin,57.08%,5
Nilah,ADC,strong_against,Aphelios,56.06%,6
Nilah,ADC,strong_against,Caitlyn,56.00%,7
Nilah,ADC,strong_against,Twitch,55.64%,8
Nilah,ADC,strong_against,Veigar,54.55%,9
Nilah,ADC,strong_against,Yunara,53.91%,10
Nilah,ADC,weak_against,Viktor,37.25%,1
Nilah,ADC,weak_against,Syndra,38.10%,2
Nilah,ADC,weak_against,Smolder,39.39%,3
Nilah,ADC,weak_against,Xayah,41.46%,4
Nilah,ADC,weak_against,Tristana,46.20%,5
Nilah,ADC,weak_against,Kalista,46.67%,6
Nilah,ADC,weak_against,Lucian,46.92%,7
Nilah,ADC,weak_against,Zeri,47.67%,8
Nilah,ADC,weak_against,Seraphine,48.57%,9
Nilah,ADC,weak_against,Jinx,50.19%,10
Nocturne,JUNGLE,strong_against,Kindred,56.02%,1
Nocturne,JUNGLE,strong_against,Naafiri,55.92%,2
Nocturne,JUNGLE,strong_against,Jax,55.88%,3
Nocturne,JUNGLE,strong_against,Vi,54.93%,4
Nocturne,JUNGLE,strong_against,Fiddlesticks,54.91%,5
Nocturne,JUNGLE,strong_against,Xin Zhao,54.90%,6
Nocturne,JUNGLE,strong_against,Pantheon,54.88%,7
Nocturne,JUNGLE,strong_against,Rengar,54.20%,8
Nocturne,JUNGLE,strong_against,Bel'Veth,53.67%,9
Nocturne,JUNGLE,strong_against,Zed,53.48%,10
Nocturne,JUNGLE,weak_against,Quinn,40.98%,1
Nocturne,JUNGLE,weak_against,Gwen,41.51%,2
Nocturne,JUNGLE,weak_against,Ekko,42.90%,3
Nocturne,JUNGLE,weak_against,Trundle,43.68%,4
Nocturne,JUNGLE,weak_against,Rek'Sai,43.75%,5
Nocturne,JUNGLE,weak_against,Skarner,44.58%,6
Nocturne,JUNGLE,weak_against,Nidalee,45.29%,7
Nocturne,JUNGLE,weak_against,Darius,45.68%,8
Nocturne,JUNGLE,weak_against,Sejuani,46.41%,9
Nocturne,JUNGLE,weak_against,Ivern,46.94%,10
Olaf,TOP,strong_against,Varus,65.00%,1
Olaf,TOP,strong_against,Vladimir,63.16%,2
Olaf,TOP,strong_against,Poppy,61.29%,3
Olaf,TOP,strong_against,Wukong,60.87%,4
Olaf,TOP,strong_against,Yasuo,59.84%,5
Olaf,TOP,strong_against,Riven,59.09%,6
Olaf,TOP,strong_against,Yone,55.99%,7
Olaf,TOP,strong_against,Irelia,55.92%,8
Olaf,TOP,strong_against,Gangplank,55.15%,9
Olaf,TOP,strong_against,Jayce,54.86%,10
Olaf,TOP,weak_against,Gwen,39.39%,1
Olaf,TOP,weak_against,Camille,40.68%,2
Olaf,TOP,weak_against,Rumble,40.74%,3
Olaf,TOP,weak_against,Trundle,41.84%,4
Olaf,TOP,weak_against,Illaoi,42.50%,5
Olaf,TOP,weak_against,Gragas,43.09%,6
Olaf,TOP,weak_against,Tryndamere,43.95%,7
Olaf,TOP,weak_against,Kled,44.30%,8
Olaf,TOP,weak_against,Cho'Gath,45.38%,9
Olaf,TOP,weak_against,Ornn,45.92%,10
Orianna,MID,strong_against,Gwen,60.00%,1
Orianna,MID,strong_against,Mel,57.53%,2
Orianna,MID,strong_against,Cassiopeia,55.45%,3
Orianna,MID,strong_against,Yasuo,54.17%,4
Orianna,MID,strong_against,Anivia,52.22%,5
Orianna,MID,strong_against,Ryze,52.12%,6
Orianna,MID,strong_against,Annie,51.32%,7
Orianna,MID,strong_against,Vladimir,51.03%,8
Orianna,MID,strong_against,Azir,50.94%,9
Orianna,MID,strong_against,Tristana,50.75%,10
Orianna,MID,weak_against,Swain,31.71%,1
Orianna,MID,weak_against,Jayce,36.96%,2
Orianna,MID,weak_against,Diana,37.40%,3
Orianna,MID,weak_against,Aurora,40.63%,4
Orianna,MID,weak_against,Akali,41.25%,5
Orianna,MID,weak_against,Locke,41.96%,6
Orianna,MID,weak_against,Aurelion Sol,42.17%,7
Orianna,MID,weak_against,Katarina,42.28%,8
Orianna,MID,weak_against,Nasus,42.55%,9
Orianna,MID,weak_against,Syndra,43.26%,10
Ornn,TOP,strong_against,Tahm Kench,68.42%,1
Ornn,TOP,strong_against,Quinn,64.71%,2
Ornn,TOP,strong_against,Cho'Gath,60.65%,3
Ornn,TOP,strong_against,Kennen,60.00%,4
Ornn,TOP,strong_against,K'Sante,57.56%,5
Ornn,TOP,strong_against,Rumble,57.14%,6
Ornn,TOP,strong_against,Jayce,56.57%,7
Ornn,TOP,strong_against,Anivia,56.41%,8
Ornn,TOP,strong_against,Poppy,56.41%,9
Ornn,TOP,strong_against,Jax,56.14%,10
Ornn,TOP,weak_against,Warwick,41.94%,1
Ornn,TOP,weak_against,Gragas,43.75%,2
Ornn,TOP,weak_against,Camille,45.30%,3
Ornn,TOP,weak_against,Shen,46.73%,4
Ornn,TOP,weak_against,Kled,47.73%,5
Ornn,TOP,weak_against,Fiora,47.83%,6
Ornn,TOP,weak_against,Yone,48.32%,7
Ornn,TOP,weak_against,Pantheon,48.33%,8
Ornn,TOP,weak_against,Urgot,48.46%,9
Ornn,TOP,weak_against,Aatrox,48.50%,10
Pantheon,JUNGLE,strong_against,Bel'Veth,63.33%,1
Pantheon,JUNGLE,strong_against,Rengar,60.98%,2
Pantheon,JUNGLE,strong_against,Ekko,57.14%,3
Pantheon,JUNGLE,strong_against,Shaco,53.33%,4
Pantheon,JUNGLE,strong_against,Jayce,53.33%,5
Pantheon,JUNGLE,strong_against,Lillia,52.38%,6
Pantheon,JUNGLE,strong_against,Sylas,50.49%,7
Pantheon,JUNGLE,strong_against,Wukong,50.00%,8
Pantheon,JUNGLE,strong_against,Briar,50.00%,9
Pantheon,JUNGLE,strong_against,Diana,50.00%,10
Pantheon,JUNGLE,weak_against,Nidalee,28.89%,1
Pantheon,JUNGLE,weak_against,Zac,37.84%,2
Pantheon,JUNGLE,weak_against,Vi,39.33%,3
Pantheon,JUNGLE,weak_against,Naafiri,40.82%,4
Pantheon,JUNGLE,weak_against,Shyvana,41.54%,5
Pantheon,JUNGLE,weak_against,Talon,42.53%,6
Pantheon,JUNGLE,weak_against,Viego,43.27%,7
Pantheon,JUNGLE,weak_against,Jarvan IV,44.32%,8
Pantheon,JUNGLE,weak_against,Kayn,45.07%,9
Pantheon,JUNGLE,weak_against,Nocturne,45.12%,10
Pantheon,MID,strong_against,Ryze,63.33%,1
Pantheon,MID,strong_against,Irelia,63.33%,2
Pantheon,MID,strong_against,Sylas,58.33%,3
Pantheon,MID,strong_against,Akali,57.69%,4
Pantheon,MID,strong_against,Zed,55.77%,5
Pantheon,MID,strong_against,Galio,53.70%,6
Pantheon,MID,strong_against,Vladimir,52.94%,7
Pantheon,MID,strong_against,Ekko,52.94%,8
Pantheon,MID,strong_against,Yasuo,52.76%,9
Pantheon,MID,strong_against,Fizz,50.65%,10
Pantheon,MID,weak_against,Hwei,30.77%,1
Pantheon,MID,weak_against,Lissandra,33.33%,2
Pantheon,MID,weak_against,Kassadin,38.33%,3
Pantheon,MID,weak_against,Yone,39.51%,4
Pantheon,MID,weak_against,Viktor,41.33%,5
Pantheon,MID,weak_against,Twisted Fate,43.75%,6
Pantheon,MID,weak_against,LeBlanc,45.45%,7
Pantheon,MID,weak_against,Ahri,46.94%,8
Pantheon,MID,weak_against,Syndra,47.06%,9
Pantheon,MID,weak_against,Katarina,48.62%,10
Pantheon,SUPPORT,strong_against,Hwei,73.53%,1
Pantheon,SUPPORT,strong_against,Sylas,60.38%,2
Pantheon,SUPPORT,strong_against,Zoe,56.82%,3
Pantheon,SUPPORT,strong_against,Camille,55.04%,4
Pantheon,SUPPORT,strong_against,Xerath,54.80%,5
Pantheon,SUPPORT,strong_against,Tahm Kench,54.67%,6
Pantheon,SUPPORT,strong_against,Ashe,54.05%,7
Pantheon,SUPPORT,strong_against,Mel,54.05%,8
Pantheon,SUPPORT,strong_against,Galio,53.85%,9
Pantheon,SUPPORT,strong_against,Bard,53.76%,10
Pantheon,SUPPORT,weak_against,Braum,37.89%,1
Pantheon,SUPPORT,weak_against,LeBlanc,40.68%,2
Pantheon,SUPPORT,weak_against,Milio,41.49%,3
Pantheon,SUPPORT,weak_against,Rakan,42.05%,4
Pantheon,SUPPORT,weak_against,Taric,42.47%,5
Pantheon,SUPPORT,weak_against,Vel'Koz,42.55%,6
Pantheon,SUPPORT,weak_against,Alistar,43.42%,7
Pantheon,SUPPORT,weak_against,Zyra,43.82%,8
Pantheon,SUPPORT,weak_against,Amumu,44.44%,9
Pantheon,SUPPORT,weak_against,Poppy,44.83%,10
Pantheon,TOP,strong_against,Ryze,64.10%,1
Pantheon,TOP,strong_against,Poppy,62.50%,2
Pantheon,TOP,strong_against,K'Sante,60.49%,3
Pantheon,TOP,strong_against,Jax,58.44%,4
Pantheon,TOP,strong_against,Kled,58.18%,5
Pantheon,TOP,strong_against,Warwick,57.89%,6
Pantheon,TOP,strong_against,Darius,57.55%,7
Pantheon,TOP,strong_against,Tryndamere,57.14%,8
Pantheon,TOP,strong_against,Gangplank,55.76%,9
Pantheon,TOP,strong_against,Ambessa,55.61%,10
Pantheon,TOP,weak_against,Urgot,37.80%,1
Pantheon,TOP,weak_against,Singed,38.71%,2
Pantheon,TOP,weak_against,Yorick,40.00%,3
Pantheon,TOP,weak_against,Illaoi,41.86%,4
Pantheon,TOP,weak_against,Malphite,42.11%,5
Pantheon,TOP,weak_against,Dr. Mundo,42.31%,6
Pantheon,TOP,weak_against,Garen,42.73%,7
Pantheon,TOP,weak_against,Tahm Kench,42.86%,8
Pantheon,TOP,weak_against,Teemo,43.04%,9
Pantheon,TOP,weak_against,Volibear,44.44%,10
Poppy,SUPPORT,strong_against,Shen,64.52%,1
Poppy,SUPPORT,strong_against,Sylas,64.06%,2
Poppy,SUPPORT,strong_against,Renata Glasc,60.00%,3
Poppy,SUPPORT,strong_against,Vel'Koz,57.41%,4
Poppy,SUPPORT,strong_against,Morgana,57.30%,5
Poppy,SUPPORT,strong_against,Camille,56.76%,6
Poppy,SUPPORT,strong_against,Neeko,56.36%,7
Poppy,SUPPORT,strong_against,Blitzcrank,56.12%,8
Poppy,SUPPORT,strong_against,Pantheon,55.39%,9
Poppy,SUPPORT,strong_against,Leona,54.57%,10
Poppy,SUPPORT,weak_against,Brand,42.11%,1
Poppy,SUPPORT,weak_against,Lux,42.31%,2
Poppy,SUPPORT,weak_against,Sona,43.06%,3
Poppy,SUPPORT,weak_against,LeBlanc,44.12%,4
Poppy,SUPPORT,weak_against,Galio,44.19%,5
Poppy,SUPPORT,weak_against,Senna,44.44%,6
Poppy,SUPPORT,weak_against,Shaco,46.67%,7
Poppy,SUPPORT,weak_against,Milio,47.54%,8
Poppy,SUPPORT,weak_against,Braum,48.00%,9
Poppy,SUPPORT,weak_against,Seraphine,48.11%,10
Poppy,TOP,strong_against,Volibear,61.76%,1
Poppy,TOP,strong_against,Malphite,60.38%,2
Poppy,TOP,strong_against,Jax,58.97%,3
Poppy,TOP,strong_against,Jayce,57.81%,4
Poppy,TOP,strong_against,Renekton,57.58%,5
Poppy,TOP,strong_against,Ambessa,55.68%,6
Poppy,TOP,strong_against,Zaahen,55.56%,7
Poppy,TOP,strong_against,Mordekaiser,55.29%,8
Poppy,TOP,strong_against,K'Sante,54.79%,9
Poppy,TOP,strong_against,Irelia,54.10%,10
Poppy,TOP,weak_against,Pantheon,35.90%,1
Poppy,TOP,weak_against,Gangplank,36.00%,2
Poppy,TOP,weak_against,Shen,39.53%,3
Poppy,TOP,weak_against,Garen,39.77%,4
Poppy,TOP,weak_against,Olaf,40.00%,5
Poppy,TOP,weak_against,Ornn,41.67%,6
Poppy,TOP,weak_against,Gnar,42.50%,7
Poppy,TOP,weak_against,Teemo,42.86%,8
Poppy,TOP,weak_against,Urgot,43.33%,9
Poppy,TOP,weak_against,Yone,44.44%,10
Pyke,SUPPORT,strong_against,Fiddlesticks,59.46%,1
Pyke,SUPPORT,strong_against,Sona,58.82%,2
Pyke,SUPPORT,strong_against,Sylas,58.39%,3
Pyke,SUPPORT,strong_against,Hwei,58.33%,4
Pyke,SUPPORT,strong_against,Mel,56.25%,5
Pyke,SUPPORT,strong_against,Galio,55.56%,6
Pyke,SUPPORT,strong_against,Shen,55.00%,7
Pyke,SUPPORT,strong_against,Shaco,54.92%,8
Pyke,SUPPORT,strong_against,Tahm Kench,53.14%,9
Pyke,SUPPORT,strong_against,Seraphine,53.00%,10
Pyke,SUPPORT,weak_against,Taric,40.50%,1
Pyke,SUPPORT,weak_against,Elise,41.67%,2
Pyke,SUPPORT,weak_against,LeBlanc,41.89%,3
Pyke,SUPPORT,weak_against,Soraka,41.96%,4
Pyke,SUPPORT,weak_against,Rell,43.22%,5
Pyke,SUPPORT,weak_against,Renata Glasc,45.38%,6
Pyke,SUPPORT,weak_against,Zoe,45.56%,7
Pyke,SUPPORT,weak_against,Brand,46.88%,8
Pyke,SUPPORT,weak_against,Poppy,47.10%,9
Pyke,SUPPORT,weak_against,Amumu,47.17%,10
Qiyana,JUNGLE,strong_against,Amumu,56.73%,1
Qiyana,JUNGLE,strong_against,Jayce,56.45%,2
Qiyana,JUNGLE,strong_against,Elise,55.56%,3
Qiyana,JUNGLE,strong_against,Locke,55.38%,4
Qiyana,JUNGLE,strong_against,Zed,55.14%,5
Qiyana,JUNGLE,strong_against,Quinn,54.44%,6
Qiyana,JUNGLE,strong_against,Jax,54.32%,7
Qiyana,JUNGLE,strong_against,Udyr,53.70%,8
Qiyana,JUNGLE,strong_against,Cho'Gath,53.49%,9
Qiyana,JUNGLE,strong_against,Naafiri,52.44%,10
Qiyana,JUNGLE,weak_against,Warwick,34.78%,1
Qiyana,JUNGLE,weak_against,Sejuani,41.18%,2
Qiyana,JUNGLE,weak_against,Zyra,41.75%,3
Qiyana,JUNGLE,weak_against,Evelynn,41.81%,4
Qiyana,JUNGLE,weak_against,Ekko,43.58%,5
Qiyana,JUNGLE,weak_against,Zac,43.94%,6
Qiyana,JUNGLE,weak_against,Karthus,44.12%,7
Qiyana,JUNGLE,weak_against,Shaco,44.83%,8
Qiyana,JUNGLE,weak_against,Xin Zhao,45.36%,9
Qiyana,JUNGLE,weak_against,Nunu & Willump,45.38%,10
Qiyana,MID,strong_against,Sion,58.82%,1
Qiyana,MID,strong_against,Akshan,58.77%,2
Qiyana,MID,strong_against,Jayce,58.33%,3
Qiyana,MID,strong_against,Azir,57.14%,4
Qiyana,MID,strong_against,Ryze,57.03%,5
Qiyana,MID,strong_against,Locke,56.28%,6
Qiyana,MID,strong_against,Aurora,56.14%,7
Qiyana,MID,strong_against,Gwen,55.77%,8
Qiyana,MID,strong_against,Mel,55.17%,9
Qiyana,MID,strong_against,Akali,55.02%,10
Qiyana,MID,weak_against,Tristana,38.64%,1
Qiyana,MID,weak_against,Anivia,40.68%,2
Qiyana,MID,weak_against,Twisted Fate,42.29%,3
Qiyana,MID,weak_against,Hwei,44.97%,4
Qiyana,MID,weak_against,LeBlanc,46.15%,5
Qiyana,MID,weak_against,Aurelion Sol,46.59%,6
Qiyana,MID,weak_against,Malzahar,46.82%,7
Qiyana,MID,weak_against,Galio,47.17%,8
Qiyana,MID,weak_against,Vladimir,47.37%,9
Qiyana,MID,weak_against,Xerath,47.74%,10
Quinn,TOP,strong_against,Jax,65.08%,1
Quinn,TOP,strong_against,Ambessa,60.87%,2
Quinn,TOP,strong_against,Gangplank,60.23%,3
Quinn,TOP,strong_against,Jayce,59.52%,4
Quinn,TOP,strong_against,Akali,56.25%,5
Quinn,TOP,strong_against,Yone,56.00%,6
Quinn,TOP,strong_against,Fiora,54.90%,7
Quinn,TOP,strong_against,K'Sante,54.76%,8
Quinn,TOP,strong_against,Garen,54.17%,9
Quinn,TOP,strong_against,Sett,53.49%,10
Quinn,TOP,weak_against,Ornn,34.29%,1
Quinn,TOP,weak_against,Gnar,39.47%,2
Quinn,TOP,weak_against,Teemo,43.55%,3
Quinn,TOP,weak_against,Mordekaiser,43.59%,4
Quinn,TOP,weak_against,Olaf,44.44%,5
Quinn,TOP,weak_against,Sion,45.95%,6
Quinn,TOP,weak_against,Malphite,46.34%,7
Quinn,TOP,weak_against,Irelia,48.33%,8
Quinn,TOP,weak_against,Pantheon,48.57%,9
Quinn,TOP,weak_against,Camille,48.65%,10
Rakan,SUPPORT,strong_against,Ashe,64.71%,1
Rakan,SUPPORT,strong_against,Hwei,60.47%,2
Rakan,SUPPORT,strong_against,Shaco,60.26%,3
Rakan,SUPPORT,strong_against,Pantheon,57.95%,4
Rakan,SUPPORT,strong_against,Xerath,57.00%,5
Rakan,SUPPORT,strong_against,Tahm Kench,56.48%,6
Rakan,SUPPORT,strong_against,Maokai,56.44%,7
Rakan,SUPPORT,strong_against,Braum,56.38%,8
Rakan,SUPPORT,strong_against,Swain,55.75%,9
Rakan,SUPPORT,strong_against,Neeko,55.68%,10
Rakan,SUPPORT,weak_against,Taric,39.36%,1
Rakan,SUPPORT,weak_against,Vel'Koz,41.46%,2
Rakan,SUPPORT,weak_against,Sona,43.51%,3
Rakan,SUPPORT,weak_against,Alistar,44.85%,4
Rakan,SUPPORT,weak_against,Galio,45.00%,5
Rakan,SUPPORT,weak_against,LeBlanc,45.24%,6
Rakan,SUPPORT,weak_against,Leona,45.28%,7
Rakan,SUPPORT,weak_against,Zyra,46.53%,8
Rakan,SUPPORT,weak_against,Fiddlesticks,46.88%,9
Rakan,SUPPORT,weak_against,Zilean,48.24%,10
Rammus,JUNGLE,strong_against,Xin Zhao,64.44%,1
Rammus,JUNGLE,strong_against,Rengar,61.21%,2
Rammus,JUNGLE,strong_against,Evelynn,60.94%,3
Rammus,JUNGLE,strong_against,Sejuani,60.38%,4
Rammus,JUNGLE,strong_against,Hecarim,59.70%,5
Rammus,JUNGLE,strong_against,Kindred,59.65%,6
Rammus,JUNGLE,strong_against,Elise,59.62%,7
Rammus,JUNGLE,strong_against,Quinn,59.18%,8
Rammus,JUNGLE,strong_against,Udyr,57.38%,9
Rammus,JUNGLE,strong_against,Zac,56.52%,10
Rammus,JUNGLE,weak_against,Nidalee,38.78%,1
Rammus,JUNGLE,weak_against,Fiddlesticks,38.89%,2
Rammus,JUNGLE,weak_against,Ekko,40.00%,3
Rammus,JUNGLE,weak_against,Karthus,44.74%,4
Rammus,JUNGLE,weak_against,Amumu,45.00%,5
Rammus,JUNGLE,weak_against,Gwen,45.45%,6
Rammus,JUNGLE,weak_against,Shyvana,46.88%,7
Rammus,JUNGLE,weak_against,Talon,47.30%,8
Rammus,JUNGLE,weak_against,Shaco,47.37%,9
Rammus,JUNGLE,weak_against,Jarvan IV,48.18%,10
Rek'Sai,JUNGLE,strong_against,Taliyah,71.43%,1
Rek'Sai,JUNGLE,strong_against,Briar,62.64%,2
Rek'Sai,JUNGLE,strong_against,Jarvan IV,62.02%,3
Rek'Sai,JUNGLE,strong_against,Vi,60.45%,4
Rek'Sai,JUNGLE,strong_against,Shaco,59.63%,5
Rek'Sai,JUNGLE,strong_against,Jayce,59.62%,6
Rek'Sai,JUNGLE,strong_against,Ekko,59.09%,7
Rek'Sai,JUNGLE,strong_against,Zed,58.97%,8
Rek'Sai,JUNGLE,strong_against,Naafiri,58.06%,9
Rek'Sai,JUNGLE,strong_against,Kayn,57.03%,10
Rek'Sai,JUNGLE,weak_against,Gwen,28.13%,1
Rek'Sai,JUNGLE,weak_against,Ivern,31.58%,2
Rek'Sai,JUNGLE,weak_against,Udyr,40.00%,3
Rek'Sai,JUNGLE,weak_against,Kindred,43.64%,4
Rek'Sai,JUNGLE,weak_against,Sylas,45.56%,5
Rek'Sai,JUNGLE,weak_against,Zac,45.57%,6
Rek'Sai,JUNGLE,weak_against,Hecarim,45.97%,7
Rek'Sai,JUNGLE,weak_against,Elise,46.34%,8
Rek'Sai,JUNGLE,weak_against,Warwick,46.67%,9
Rek'Sai,JUNGLE,weak_against,Fiddlesticks,46.67%,10
Rell,SUPPORT,strong_against,LeBlanc,68.29%,1
Rell,SUPPORT,strong_against,Shen,64.63%,2
Rell,SUPPORT,strong_against,Shaco,62.12%,3
Rell,SUPPORT,strong_against,Sylas,59.46%,4
Rell,SUPPORT,strong_against,Xerath,58.54%,5
Rell,SUPPORT,strong_against,Tahm Kench,57.97%,6
Rell,SUPPORT,strong_against,Galio,57.14%,7
Rell,SUPPORT,strong_against,Zoe,57.14%,8
Rell,SUPPORT,strong_against,Pyke,56.78%,9
Rell,SUPPORT,strong_against,Blitzcrank,56.31%,10
Rell,SUPPORT,weak_against,Taric,42.48%,1
Rell,SUPPORT,weak_against,Elise,44.19%,2
Rell,SUPPORT,weak_against,Amumu,45.16%,3
Rell,SUPPORT,weak_against,Neeko,46.15%,4
Rell,SUPPORT,weak_against,Swain,47.11%,5
Rell,SUPPORT,weak_against,Leona,47.15%,6
Rell,SUPPORT,weak_against,Sona,47.34%,7
Rell,SUPPORT,weak_against,Janna,47.39%,8
Rell,SUPPORT,weak_against,Rakan,47.56%,9
Rell,SUPPORT,weak_against,Alistar,47.80%,10
Renekton,TOP,strong_against,Vladimir,66.13%,1
Renekton,TOP,strong_against,Sett,56.85%,2
Renekton,TOP,strong_against,Sion,54.96%,3
Renekton,TOP,strong_against,Yasuo,53.25%,4
Renekton,TOP,strong_against,Jax,53.01%,5
Renekton,TOP,strong_against,Gwen,52.97%,6
Renekton,TOP,strong_against,Yorick,52.94%,7
Renekton,TOP,strong_against,Camille,52.92%,8
Renekton,TOP,strong_against,Ambessa,52.86%,9
Renekton,TOP,strong_against,Irelia,52.29%,10
Renekton,TOP,weak_against,Singed,38.46%,1
Renekton,TOP,weak_against,Poppy,41.79%,2
Renekton,TOP,weak_against,Gangplank,42.04%,3
Renekton,TOP,weak_against,Garen,42.30%,4
Renekton,TOP,weak_against,Tryndamere,42.31%,5
Renekton,TOP,weak_against,Illaoi,44.54%,6
Renekton,TOP,weak_against,Shen,45.49%,7
Renekton,TOP,weak_against,Pantheon,45.61%,8
Renekton,TOP,weak_against,Dr. Mundo,46.18%,9
Renekton,TOP,weak_against,Gragas,46.51%,10
Rengar,JUNGLE,strong_against,Ambessa,66.20%,1
Rengar,JUNGLE,strong_against,Zed,59.57%,2
Rengar,JUNGLE,strong_against,Udyr,56.56%,3
Rengar,JUNGLE,strong_against,Diana,56.03%,4
Rengar,JUNGLE,strong_against,Amumu,56.00%,5
Rengar,JUNGLE,strong_against,Kha'Zix,55.32%,6
Rengar,JUNGLE,strong_against,Qiyana,54.23%,7
Rengar,JUNGLE,strong_against,Lillia,53.96%,8
Rengar,JUNGLE,strong_against,Kindred,53.62%,9
Rengar,JUNGLE,strong_against,Xin Zhao,53.49%,10
Rengar,JUNGLE,weak_against,Skarner,36.47%,1
Rengar,JUNGLE,weak_against,Rammus,38.79%,2
Rengar,JUNGLE,weak_against,Warwick,40.00%,3
Rengar,JUNGLE,weak_against,Ivern,41.89%,4
Rengar,JUNGLE,weak_against,Wukong,42.31%,5
Rengar,JUNGLE,weak_against,Aatrox,43.53%,6
Rengar,JUNGLE,weak_against,Rek'Sai,44.33%,7
Rengar,JUNGLE,weak_against,Jarvan IV,44.54%,8
Rengar,JUNGLE,weak_against,Malphite,44.64%,9
Rengar,JUNGLE,weak_against,Hecarim,45.32%,10
Riven,TOP,strong_against,Kled,63.89%,1
Riven,TOP,strong_against,Shen,60.95%,2
Riven,TOP,strong_against,Jayce,60.00%,3
Riven,TOP,strong_against,Dr. Mundo,58.43%,4
Riven,TOP,strong_against,Aatrox,56.79%,5
Riven,TOP,strong_against,Rumble,55.32%,6
Riven,TOP,strong_against,Mordekaiser,55.21%,7
Riven,TOP,strong_against,Trundle,55.10%,8
Riven,TOP,strong_against,Yasuo,55.00%,9
Riven,TOP,strong_against,Yorick,54.93%,10
Riven,TOP,weak_against,Volibear,35.16%,1
Riven,TOP,weak_against,Vladimir,38.24%,2
Riven,TOP,weak_against,Jax,40.00%,3
Riven,TOP,weak_against,Olaf,40.00%,4
Riven,TOP,weak_against,Warwick,40.00%,5
Riven,TOP,weak_against,Urgot,41.00%,6
Riven,TOP,weak_against,Garen,41.83%,7
Riven,TOP,weak_against,Illaoi,42.86%,8
Riven,TOP,weak_against,Poppy,44.59%,9
Riven,TOP,weak_against,Vayne,44.74%,10
Rumble,TOP,strong_against,Kennen,57.81%,1
Rumble,TOP,strong_against,Olaf,56.96%,2
Rumble,TOP,strong_against,Cho'Gath,56.60%,3
Rumble,TOP,strong_against,Malphite,54.74%,4
Rumble,TOP,strong_against,Singed,54.72%,5
Rumble,TOP,strong_against,Camille,54.21%,6
Rumble,TOP,strong_against,Volibear,53.85%,7
Rumble,TOP,strong_against,Renekton,53.68%,8
Rumble,TOP,strong_against,Zaahen,53.57%,9
Rumble,TOP,strong_against,Teemo,53.41%,10
Rumble,TOP,weak_against,Kayle,37.50%,1
Rumble,TOP,weak_against,Yorick,40.23%,2
Rumble,TOP,weak_against,Gragas,41.46%,3
Rumble,TOP,weak_against,Yone,41.88%,4
Rumble,TOP,weak_against,Dr. Mundo,42.11%,5
Rumble,TOP,weak_against,Mordekaiser,43.38%,6
Rumble,TOP,weak_against,Ryze,43.59%,7
Rumble,TOP,weak_against,Ornn,44.07%,8
Rumble,TOP,weak_against,Shen,44.44%,9
Rumble,TOP,weak_against,Riven,44.68%,10
Ryze,MID,strong_against,Jayce,60.47%,1
Ryze,MID,strong_against,Gangplank,60.00%,2
Ryze,MID,strong_against,Aurora,59.72%,3
Ryze,MID,strong_against,Ekko,57.86%,4
Ryze,MID,strong_against,Tristana,56.36%,5
Ryze,MID,strong_against,Azir,55.42%,6
Ryze,MID,strong_against,Cho'Gath,55.00%,7
Ryze,MID,strong_against,Sylas,54.21%,8
Ryze,MID,strong_against,Akali,53.33%,9
Ryze,MID,strong_against,Locke,52.40%,10
Ryze,MID,weak_against,Swain,25.00%,1
Ryze,MID,weak_against,Vel'Koz,29.73%,2
Ryze,MID,weak_against,Zoe,33.91%,3
Ryze,MID,weak_against,Gwen,35.56%,4
Ryze,MID,weak_against,Pantheon,36.67%,5
Ryze,MID,weak_against,Annie,38.03%,6
Ryze,MID,weak_against,Syndra,42.08%,7
Ryze,MID,weak_against,Malzahar,42.51%,8
Ryze,MID,weak_against,Yone,42.65%,9
Ryze,MID,weak_against,Anivia,42.68%,10
Ryze,TOP,strong_against,Jax,60.00%,1
Ryze,TOP,strong_against,Malphite,59.04%,2
Ryze,TOP,strong_against,Fiora,58.97%,3
Ryze,TOP,strong_against,Aatrox,55.81%,4
Ryze,TOP,strong_against,Rumble,55.26%,5
Ryze,TOP,strong_against,Shen,54.84%,6
Ryze,TOP,strong_against,Camille,54.17%,7
Ryze,TOP,strong_against,Mordekaiser,53.66%,8
Ryze,TOP,strong_against,Darius,52.08%,9
Ryze,TOP,strong_against,Teemo,52.04%,10
Ryze,TOP,weak_against,Ambessa,29.79%,1
Ryze,TOP,weak_against,Pantheon,36.84%,2
Ryze,TOP,weak_against,Jayce,37.29%,3
Ryze,TOP,weak_against,Yasuo,38.24%,4
Ryze,TOP,weak_against,Akali,40.00%,5
Ryze,TOP,weak_against,Garen,40.74%,6
Ryze,TOP,weak_against,Singed,42.86%,7
Ryze,TOP,weak_against,Kennen,43.33%,8
Ryze,TOP,weak_against,Irelia,44.90%,9
Ryze,TOP,weak_against,K'Sante,45.28%,10
Samira,ADC,strong_against,Yasuo,57.26%,1
Samira,ADC,strong_against,Ashe,56.82%,2
Samira,ADC,strong_against,Aurelion Sol,55.00%,3
Samira,ADC,strong_against,Ezreal,53.68%,4
Samira,ADC,strong_against,Brand,53.57%,5
Samira,ADC,strong_against,Vayne,53.44%,6
Samira,ADC,strong_against,Syndra,53.38%,7
Samira,ADC,strong_against,Jhin,53.33%,8
Samira,ADC,strong_against,Karthus,53.13%,9
Samira,ADC,strong_against,Aphelios,53.04%,10
Samira,ADC,weak_against,Hwei,33.82%,1
Samira,ADC,weak_against,Swain,33.87%,2
Samira,ADC,weak_against,Seraphine,38.40%,3
Samira,ADC,weak_against,Viktor,42.19%,4
Samira,ADC,weak_against,Lux,42.86%,5
Samira,ADC,weak_against,Xerath,43.68%,6
Samira,ADC,weak_against,Ziggs,43.80%,7
Samira,ADC,weak_against,Miss Fortune,43.85%,8
Samira,ADC,weak_against,Veigar,45.05%,9
Samira,ADC,weak_against,Smolder,46.32%,10
Sejuani,JUNGLE,strong_against,Jayce,69.44%,1
Sejuani,JUNGLE,strong_against,Elise,64.10%,2
Sejuani,JUNGLE,strong_against,Volibear,60.00%,3
Sejuani,JUNGLE,strong_against,Briar,59.63%,4
Sejuani,JUNGLE,strong_against,Bel'Veth,59.18%,5
Sejuani,JUNGLE,strong_against,Quinn,59.09%,6
Sejuani,JUNGLE,strong_against,Qiyana,58.82%,7
Sejuani,JUNGLE,strong_against,Udyr,58.33%,8
Sejuani,JUNGLE,strong_against,Gwen,55.88%,9
Sejuani,JUNGLE,strong_against,Shaco,55.08%,10
Sejuani,JUNGLE,weak_against,Rammus,39.62%,1
Sejuani,JUNGLE,weak_against,Cho'Gath,41.18%,2
Sejuani,JUNGLE,weak_against,Skarner,41.46%,3
Sejuani,JUNGLE,weak_against,Xin Zhao,42.86%,4
Sejuani,JUNGLE,weak_against,Wukong,44.59%,5
Sejuani,JUNGLE,weak_against,Ekko,44.83%,6
Sejuani,JUNGLE,weak_against,Vi,47.20%,7
Sejuani,JUNGLE,weak_against,Rek'Sai,47.37%,8
Sejuani,JUNGLE,weak_against,Zac,47.67%,9
Sejuani,JUNGLE,weak_against,Amumu,48.21%,10
Senna,ADC,strong_against,Lucian,67.57%,1
Senna,ADC,strong_against,Xayah,63.64%,2
Senna,ADC,strong_against,Ezreal,63.30%,3
Senna,ADC,strong_against,Yunara,58.23%,4
Senna,ADC,strong_against,Miss Fortune,57.41%,5
Senna,ADC,strong_against,Kai'Sa,54.04%,6
Senna,ADC,strong_against,Draven,53.66%,7
Senna,ADC,strong_against,Yasuo,53.13%,8
Senna,ADC,strong_against,Samira,52.38%,9
Senna,ADC,strong_against,Viktor,51.61%,10
Senna,ADC,weak_against,Aphelios,42.22%,1
Senna,ADC,weak_against,Smolder,43.14%,2
Senna,ADC,weak_against,Ashe,45.28%,3
Senna,ADC,weak_against,Caitlyn,46.97%,4
Senna,ADC,weak_against,Jinx,47.06%,5
Senna,ADC,weak_against,Tristana,47.73%,6
Senna,ADC,weak_against,Zeri,50.00%,7
Senna,ADC,weak_against,Twitch,50.82%,8
Senna,ADC,weak_against,Jhin,51.27%,9
Senna,ADC,weak_against,Seraphine,51.52%,10
Senna,SUPPORT,strong_against,Mel,61.54%,1
Senna,SUPPORT,strong_against,Hwei,61.22%,2
Senna,SUPPORT,strong_against,Shaco,58.06%,3
Senna,SUPPORT,strong_against,Brand,57.38%,4
Senna,SUPPORT,strong_against,Camille,57.27%,5
Senna,SUPPORT,strong_against,Ashe,57.14%,6
Senna,SUPPORT,strong_against,Elise,55.77%,7
Senna,SUPPORT,strong_against,Morgana,55.71%,8
Senna,SUPPORT,strong_against,Poppy,55.56%,9
Senna,SUPPORT,strong_against,Yuumi,54.46%,10
Senna,SUPPORT,weak_against,LeBlanc,38.00%,1
Senna,SUPPORT,weak_against,Renata Glasc,41.05%,2
Senna,SUPPORT,weak_against,Galio,42.31%,3
Senna,SUPPORT,weak_against,Tahm Kench,43.75%,4
Senna,SUPPORT,weak_against,Zoe,45.31%,5
Senna,SUPPORT,weak_against,Zyra,45.56%,6
Senna,SUPPORT,weak_against,Blitzcrank,45.59%,7
Senna,SUPPORT,weak_against,Xerath,45.91%,8
Senna,SUPPORT,weak_against,Vel'Koz,46.43%,9
Senna,SUPPORT,weak_against,Maokai,46.49%,10
Seraphine,ADC,strong_against,Samira,61.60%,1
Seraphine,ADC,strong_against,Karthus,60.00%,2
Seraphine,ADC,strong_against,Lucian,59.29%,3
Seraphine,ADC,strong_against,Xerath,57.14%,4
Seraphine,ADC,strong_against,Katarina,56.67%,5
Seraphine,ADC,strong_against,Xayah,55.77%,6
Seraphine,ADC,strong_against,Mel,55.06%,7
Seraphine,ADC,strong_against,Twitch,54.82%,8
Seraphine,ADC,strong_against,Lux,54.24%,9
Seraphine,ADC,strong_against,Smolder,54.17%,10
Seraphine,ADC,weak_against,Aurelion Sol,41.94%,1
Seraphine,ADC,weak_against,Kalista,42.03%,2
Seraphine,ADC,weak_against,Varus,45.71%,3
Seraphine,ADC,weak_against,Sivir,46.84%,4
Seraphine,ADC,weak_against,Vayne,46.88%,5
Seraphine,ADC,weak_against,Veigar,47.62%,6
Seraphine,ADC,weak_against,Hwei,48.05%,7
Seraphine,ADC,weak_against,Ashe,48.47%,8
Seraphine,ADC,weak_against,Senna,48.48%,9
Seraphine,ADC,weak_against,Vladimir,48.65%,10
Seraphine,SUPPORT,strong_against,Mel,61.62%,1
Seraphine,SUPPORT,strong_against,Swain,60.16%,2
Seraphine,SUPPORT,strong_against,Galio,58.49%,3
Seraphine,SUPPORT,strong_against,Hwei,58.11%,4
Seraphine,SUPPORT,strong_against,Brand,54.04%,5
Seraphine,SUPPORT,strong_against,Bard,53.73%,6
Seraphine,SUPPORT,strong_against,Teemo,53.52%,7
Seraphine,SUPPORT,strong_against,Renata Glasc,53.28%,8
Seraphine,SUPPORT,strong_against,Camille,53.10%,9
Seraphine,SUPPORT,strong_against,LeBlanc,52.87%,10
Seraphine,SUPPORT,weak_against,Amumu,42.19%,1
Seraphine,SUPPORT,weak_against,Zoe,43.56%,2
Seraphine,SUPPORT,weak_against,Pantheon,46.38%,3
Seraphine,SUPPORT,weak_against,Pyke,46.99%,4
Seraphine,SUPPORT,weak_against,Tahm Kench,47.52%,5
Seraphine,SUPPORT,weak_against,Milio,47.69%,6
Seraphine,SUPPORT,weak_against,Alistar,47.69%,7
Seraphine,SUPPORT,weak_against,Elise,47.95%,8
Seraphine,SUPPORT,weak_against,Rell,48.48%,9
Seraphine,SUPPORT,weak_against,Yuumi,48.56%,10
Sett,TOP,strong_against,Yasuo,57.61%,1
Sett,TOP,strong_against,Swain,57.45%,2
Sett,TOP,strong_against,Cho'Gath,56.11%,3
Sett,TOP,strong_against,Vladimir,55.56%,4
Sett,TOP,strong_against,Yone,55.54%,5
Sett,TOP,strong_against,Riven,55.26%,6
Sett,TOP,strong_against,Zaahen,55.12%,7
Sett,TOP,strong_against,Sion,54.95%,8
Sett,TOP,strong_against,Illaoi,54.95%,9
Sett,TOP,strong_against,Trundle,54.79%,10
Sett,TOP,weak_against,Singed,37.95%,1
Sett,TOP,weak_against,Kled,40.31%,2
Sett,TOP,weak_against,Renekton,43.62%,3
Sett,TOP,weak_against,Dr. Mundo,44.24%,4
Sett,TOP,weak_against,Wukong,44.57%,5
Sett,TOP,weak_against,Kennen,45.03%,6
Sett,TOP,weak_against,Gragas,45.45%,7
Sett,TOP,weak_against,Heimerdinger,45.57%,8
Sett,TOP,weak_against,Kayle,46.26%,9
Sett,TOP,weak_against,Gangplank,46.74%,10
Shaco,JUNGLE,strong_against,Zed,61.33%,1
Shaco,JUNGLE,strong_against,Kindred,61.11%,2
Shaco,JUNGLE,strong_against,Elise,57.69%,3
Shaco,JUNGLE,strong_against,Warwick,56.98%,4
Shaco,JUNGLE,strong_against,Lillia,56.54%,5
Shaco,JUNGLE,strong_against,Naafiri,56.36%,6
Shaco,JUNGLE,strong_against,Evelynn,55.32%,7
Shaco,JUNGLE,strong_against,Qiyana,55.17%,8
Shaco,JUNGLE,strong_against,Wukong,54.84%,9
Shaco,JUNGLE,strong_against,Sylas,54.02%,10
Shaco,JUNGLE,weak_against,Rek'Sai,40.37%,1
Shaco,JUNGLE,weak_against,Skarner,42.03%,2
Shaco,JUNGLE,weak_against,Volibear,42.86%,3
Shaco,JUNGLE,weak_against,Nunu & Willump,43.57%,4
Shaco,JUNGLE,weak_against,Udyr,43.71%,5
Shaco,JUNGLE,weak_against,Sejuani,44.92%,6
Shaco,JUNGLE,weak_against,Trundle,45.00%,7
Shaco,JUNGLE,weak_against,Talon,45.04%,8
Shaco,JUNGLE,weak_against,Diana,45.51%,9
Shaco,JUNGLE,weak_against,Zac,45.60%,10
Shaco,SUPPORT,strong_against,Yuumi,60.64%,1
Shaco,SUPPORT,strong_against,Xerath,58.49%,2
Shaco,SUPPORT,strong_against,Neeko,57.58%,3
Shaco,SUPPORT,strong_against,Soraka,56.16%,4
Shaco,SUPPORT,strong_against,Braum,54.84%,5
Shaco,SUPPORT,strong_against,Poppy,53.33%,6
Shaco,SUPPORT,strong_against,Sona,53.19%,7
Shaco,SUPPORT,strong_against,Bard,52.78%,8
Shaco,SUPPORT,strong_against,Sylas,51.52%,9
Shaco,SUPPORT,strong_against,Camille,50.79%,10
Shaco,SUPPORT,weak_against,Janna,36.92%,1
Shaco,SUPPORT,weak_against,Rell,37.88%,2
Shaco,SUPPORT,weak_against,Tahm Kench,38.64%,3
Shaco,SUPPORT,weak_against,Shen,38.71%,4
Shaco,SUPPORT,weak_against,Rakan,39.74%,5
Shaco,SUPPORT,weak_against,Blitzcrank,40.82%,6
Shaco,SUPPORT,weak_against,Senna,41.94%,7
Shaco,SUPPORT,weak_against,Karma,41.98%,8
Shaco,SUPPORT,weak_against,Lulu,42.77%,9
Shaco,SUPPORT,weak_against,Leona,43.61%,10
Shen,TOP,strong_against,Vladimir,62.75%,1
Shen,TOP,strong_against,K'Sante,60.62%,2
Shen,TOP,strong_against,Poppy,59.09%,3
Shen,TOP,strong_against,Cho'Gath,57.72%,4
Shen,TOP,strong_against,Volibear,57.72%,5
Shen,TOP,strong_against,Kayle,57.38%,6
Shen,TOP,strong_against,Akali,56.52%,7
Shen,TOP,strong_against,Ambessa,56.37%,8
Shen,TOP,strong_against,Fiora,56.10%,9
Shen,TOP,strong_against,Camille,55.66%,10
Shen,TOP,weak_against,Riven,40.57%,1
Shen,TOP,weak_against,Singed,43.85%,2
Shen,TOP,weak_against,Gangplank,44.19%,3
Shen,TOP,weak_against,Heimerdinger,44.44%,4
Shen,TOP,weak_against,Gragas,44.90%,5
Shen,TOP,weak_against,Tryndamere,45.27%,6
Shen,TOP,weak_against,Sett,45.58%,7
Shen,TOP,weak_against,Warwick,46.03%,8
Shen,TOP,weak_against,Kled,46.15%,9
Shen,TOP,weak_against,Illaoi,46.40%,10
Shyvana,JUNGLE,strong_against,Skarner,60.23%,1
Shyvana,JUNGLE,strong_against,Jayce,58.33%,2
Shyvana,JUNGLE,strong_against,Hecarim,56.84%,3
Shyvana,JUNGLE,strong_against,Jax,55.83%,4
Shyvana,JUNGLE,strong_against,Xin Zhao,55.17%,5
Shyvana,JUNGLE,strong_against,Rengar,53.99%,6
Shyvana,JUNGLE,strong_against,Ekko,53.77%,7
Shyvana,JUNGLE,strong_against,Diana,53.37%,8
Shyvana,JUNGLE,strong_against,Rammus,53.13%,9
Shyvana,JUNGLE,strong_against,Cho'Gath,53.01%,10
Shyvana,JUNGLE,weak_against,Sylas,41.61%,1
Shyvana,JUNGLE,weak_against,Udyr,44.89%,2
Shyvana,JUNGLE,weak_against,Karthus,45.12%,3
Shyvana,JUNGLE,weak_against,Lillia,45.26%,4
Shyvana,JUNGLE,weak_against,Aatrox,45.37%,5
Shyvana,JUNGLE,weak_against,Sejuani,45.45%,6
Shyvana,JUNGLE,weak_against,Zed,46.94%,7
Shyvana,JUNGLE,weak_against,Naafiri,47.22%,8
Shyvana,JUNGLE,weak_against,Ivern,47.62%,9
Shyvana,JUNGLE,weak_against,Master Yi,48.23%,10
Singed,TOP,strong_against,Tahm Kench,70.45%,1
Singed,TOP,strong_against,Yasuo,64.52%,2
Singed,TOP,strong_against,Renekton,63.23%,3
Singed,TOP,strong_against,Pantheon,62.92%,4
Singed,TOP,strong_against,Sett,62.56%,5
Singed,TOP,strong_against,K'Sante,60.74%,6
Singed,TOP,strong_against,Udyr,60.53%,7
Singed,TOP,strong_against,Cho'Gath,60.44%,8
Singed,TOP,strong_against,Jax,60.00%,9
Singed,TOP,strong_against,Sion,59.46%,10
Singed,TOP,weak_against,Gangplank,41.74%,1
Singed,TOP,weak_against,Teemo,42.48%,2
Singed,TOP,weak_against,Illaoi,42.62%,3
Singed,TOP,weak_against,Heimerdinger,43.90%,4
Singed,TOP,weak_against,Rumble,44.23%,5
Singed,TOP,weak_against,Jayce,44.87%,6
Singed,TOP,weak_against,Tryndamere,46.09%,7
Singed,TOP,weak_against,Camille,46.28%,8
Singed,TOP,weak_against,Olaf,46.85%,9
Singed,TOP,weak_against,Akali,46.97%,10
Sion,MID,strong_against,Sylas,62.50%,1
Sion,MID,strong_against,Lissandra,58.33%,2
Sion,MID,strong_against,Katarina,52.94%,3
Sion,MID,strong_against,Akali,52.63%,4
Sion,MID,strong_against,Yasuo,51.79%,5
Sion,MID,strong_against,Zed,51.38%,6
Sion,MID,strong_against,Yone,50.00%,7
Sion,MID,strong_against,Malzahar,47.87%,8
Sion,MID,strong_against,Locke,45.24%,9
Sion,MID,strong_against,Ahri,44.78%,10
Sion,MID,weak_against,Twisted Fate,33.33%,1
Sion,MID,weak_against,Hwei,36.67%,2
Sion,MID,weak_against,Qiyana,41.18%,3
Sion,MID,weak_against,Syndra,41.79%,4
Sion,MID,weak_against,Viktor,42.25%,5
Sion,MID,weak_against,LeBlanc,43.40%,6
Sion,MID,weak_against,Fizz,44.74%,7
Sion,MID,weak_against,Ahri,44.78%,8
Sion,MID,weak_against,Locke,45.24%,9
Sion,MID,weak_against,Malzahar,47.87%,10
Sion,TOP,strong_against,Teemo,60.42%,1
Sion,TOP,strong_against,Tahm Kench,58.49%,2
Sion,TOP,strong_against,Akali,58.00%,3
Sion,TOP,strong_against,Heimerdinger,56.25%,4
Sion,TOP,strong_against,Yasuo,54.95%,5
Sion,TOP,strong_against,Volibear,54.31%,6
Sion,TOP,strong_against,K'Sante,54.20%,7
Sion,TOP,strong_against,Kennen,54.17%,8
Sion,TOP,strong_against,Anivia,53.85%,9
Sion,TOP,strong_against,Yorick,53.73%,10
Sion,TOP,weak_against,Warwick,34.29%,1
Sion,TOP,weak_against,Singed,39.29%,2
Sion,TOP,weak_against,Vladimir,40.54%,3
Sion,TOP,weak_against,Ornn,42.34%,4
Sion,TOP,weak_against,Gwen,42.38%,5
Sion,TOP,weak_against,Dr. Mundo,42.78%,6
Sion,TOP,weak_against,Shen,43.38%,7
Sion,TOP,weak_against,Nasus,43.51%,8
Sion,TOP,weak_against,Garen,43.81%,9
Sion,TOP,weak_against,Riven,43.90%,10
Sivir,ADC,strong_against,Mel,62.50%,1
Sivir,ADC,strong_against,Ezreal,57.01%,2
Sivir,ADC,strong_against,Vayne,57.00%,3
Sivir,ADC,strong_against,Swain,56.90%,4
Sivir,ADC,strong_against,Varus,56.67%,5
Sivir,ADC,strong_against,Hwei,56.31%,6
Sivir,ADC,strong_against,Corki,54.21%,7
Sivir,ADC,strong_against,Smolder,53.63%,8
Sivir,ADC,strong_against,Caitlyn,53.55%,9
Sivir,ADC,strong_against,Xerath,53.19%,10
Sivir,ADC,weak_against,Katarina,28.13%,1
Sivir,ADC,weak_against,Vladimir,41.46%,2
Sivir,ADC,weak_against,Xayah,44.91%,3
Sivir,ADC,weak_against,Ziggs,46.20%,4
Sivir,ADC,weak_against,Draven,46.22%,5
Sivir,ADC,weak_against,Yasuo,46.48%,6
Sivir,ADC,weak_against,Twitch,46.76%,7
Sivir,ADC,weak_against,Kalista,46.98%,8
Sivir,ADC,weak_against,Tristana,47.35%,9
Sivir,ADC,weak_against,Kog'Maw,47.37%,10
Skarner,JUNGLE,strong_against,Rengar,63.53%,1
Skarner,JUNGLE,strong_against,Sejuani,58.54%,2
Skarner,JUNGLE,strong_against,Kha'Zix,58.25%,3
Skarner,JUNGLE,strong_against,Shaco,57.97%,4
Skarner,JUNGLE,strong_against,Master Yi,57.35%,5
Skarner,JUNGLE,strong_against,Jayce,56.76%,6
Skarner,JUNGLE,strong_against,Graves,56.21%,7
Skarner,JUNGLE,strong_against,Nocturne,55.42%,8
Skarner,JUNGLE,strong_against,Hecarim,55.28%,9
Skarner,JUNGLE,strong_against,Qiyana,54.17%,10
Skarner,JUNGLE,weak_against,Kindred,31.82%,1
Skarner,JUNGLE,weak_against,Trundle,37.50%,2
Skarner,JUNGLE,weak_against,Nunu & Willump,38.71%,3
Skarner,JUNGLE,weak_against,Shyvana,39.77%,4
Skarner,JUNGLE,weak_against,Xin Zhao,41.67%,5
Skarner,JUNGLE,weak_against,Lillia,44.16%,6
Skarner,JUNGLE,weak_against,Nidalee,45.45%,7
Skarner,JUNGLE,weak_against,Bel'Veth,45.90%,8
Skarner,JUNGLE,weak_against,Naafiri,46.67%,9
Skarner,JUNGLE,weak_against,Diana,46.67%,10
Smolder,ADC,strong_against,Mel,61.90%,1
Smolder,ADC,strong_against,Nilah,60.61%,2
Smolder,ADC,strong_against,Senna,56.86%,3
Smolder,ADC,strong_against,Katarina,55.77%,4
Smolder,ADC,strong_against,Lucian,55.13%,5
Smolder,ADC,strong_against,Samira,53.40%,6
Smolder,ADC,strong_against,Ezreal,52.67%,7
Smolder,ADC,strong_against,Vladimir,52.38%,8
Smolder,ADC,strong_against,Hwei,52.05%,9
Smolder,ADC,strong_against,Ashe,51.79%,10
Smolder,ADC,weak_against,Brand,38.89%,1
Smolder,ADC,weak_against,Aurelion Sol,40.74%,2
Smolder,ADC,weak_against,Ziggs,42.86%,3
Smolder,ADC,weak_against,Zeri,42.99%,4
Smolder,ADC,weak_against,Syndra,43.64%,5
Smolder,ADC,weak_against,Draven,44.07%,6
Smolder,ADC,weak_against,Lux,45.00%,7
Smolder,ADC,weak_against,Xerath,45.21%,8
Smolder,ADC,weak_against,Varus,45.74%,9
Smolder,ADC,weak_against,Sivir,45.81%,10
Smolder,MID,strong_against,Zed,51.35%,1
Smolder,MID,strong_against,Yone,50.00%,2
Smolder,MID,strong_against,Malzahar,49.28%,3
Smolder,MID,strong_against,Nasus,48.48%,4
Smolder,MID,strong_against,Ahri,47.37%,5
Smolder,MID,strong_against,Syndra,45.24%,6
Smolder,MID,strong_against,Galio,43.21%,7
Smolder,MID,strong_against,Viktor,40.48%,8
Smolder,MID,strong_against,Sylas,40.00%,9
Smolder,MID,strong_against,Yasuo,29.03%,10
Smolder,MID,weak_against,Yasuo,29.03%,1
Smolder,MID,weak_against,Sylas,40.00%,2
Smolder,MID,weak_against,Viktor,40.48%,3
Smolder,MID,weak_against,Galio,43.21%,4
Smolder,MID,weak_against,Syndra,45.24%,5
Smolder,MID,weak_against,Ahri,47.37%,6
Smolder,MID,weak_against,Nasus,48.48%,7
Smolder,MID,weak_against,Malzahar,49.28%,8
Smolder,MID,weak_against,Yone,50.00%,9
Smolder,MID,weak_against,Zed,51.35%,10
Sona,SUPPORT,strong_against,Camille,64.36%,1
Sona,SUPPORT,strong_against,Xerath,63.64%,2
Sona,SUPPORT,strong_against,Zoe,62.16%,3
Sona,SUPPORT,strong_against,Neeko,60.00%,4
Sona,SUPPORT,strong_against,Elise,59.38%,5
Sona,SUPPORT,strong_against,Blitzcrank,59.07%,6
Sona,SUPPORT,strong_against,Zyra,57.83%,7
Sona,SUPPORT,strong_against,Poppy,56.94%,8
Sona,SUPPORT,strong_against,Brand,56.86%,9
Sona,SUPPORT,strong_against,Zilean,56.74%,10
Sona,SUPPORT,weak_against,Pyke,41.18%,1
Sona,SUPPORT,weak_against,Taric,42.67%,2
Sona,SUPPORT,weak_against,Swain,44.44%,3
Sona,SUPPORT,weak_against,Amumu,45.16%,4
Sona,SUPPORT,weak_against,Braum,45.81%,5
Sona,SUPPORT,weak_against,Maokai,46.48%,6
Sona,SUPPORT,weak_against,Shaco,46.81%,7
Sona,SUPPORT,weak_against,Senna,47.57%,8
Sona,SUPPORT,weak_against,Nautilus,47.70%,9
Sona,SUPPORT,weak_against,Thresh,47.89%,10
Soraka,SUPPORT,strong_against,Mel,75.00%,1
Soraka,SUPPORT,strong_against,Swain,59.87%,2
Soraka,SUPPORT,strong_against,Renata Glasc,59.74%,3
Soraka,SUPPORT,strong_against,Elise,59.09%,4
Soraka,SUPPORT,strong_against,Fiddlesticks,58.54%,5
Soraka,SUPPORT,strong_against,Xerath,58.18%,6
Soraka,SUPPORT,strong_against,Pyke,58.04%,7
Soraka,SUPPORT,strong_against,Ashe,55.56%,8
Soraka,SUPPORT,strong_against,Camille,55.19%,9
Soraka,SUPPORT,strong_against,Galio,55.17%,10
Soraka,SUPPORT,weak_against,Sylas,39.53%,1
Soraka,SUPPORT,weak_against,Shaco,43.84%,2
Soraka,SUPPORT,weak_against,Maokai,45.63%,3
Soraka,SUPPORT,weak_against,Rakan,45.78%,4
Soraka,SUPPORT,weak_against,Nami,45.82%,5
Soraka,SUPPORT,weak_against,Milio,45.96%,6
Soraka,SUPPORT,weak_against,Hwei,46.15%,7
Soraka,SUPPORT,weak_against,Zyra,47.14%,8
Soraka,SUPPORT,weak_against,LeBlanc,47.73%,9
Soraka,SUPPORT,weak_against,Senna,48.05%,10
Swain,ADC,strong_against,Samira,66.13%,1
Swain,ADC,strong_against,Ziggs,64.71%,2
Swain,ADC,strong_against,Kalista,59.09%,3
Swain,ADC,strong_against,Twitch,56.90%,4
Swain,ADC,strong_against,Miss Fortune,56.52%,5
Swain,ADC,strong_against,Varus,56.25%,6
Swain,ADC,strong_against,Kai'Sa,55.47%,7
Swain,ADC,strong_against,Yasuo,55.26%,8
Swain,ADC,strong_against,Jhin,54.59%,9
Swain,ADC,strong_against,Yunara,54.46%,10
Swain,ADC,weak_against,Syndra,38.89%,1
Swain,ADC,weak_against,Viktor,40.35%,2
Swain,ADC,weak_against,Vayne,41.67%,3
Swain,ADC,weak_against,Draven,42.42%,4
Swain,ADC,weak_against,Sivir,43.10%,5
Swain,ADC,weak_against,Aphelios,44.90%,6
Swain,ADC,weak_against,Caitlyn,45.09%,7
Swain,ADC,weak_against,Lucian,47.37%,8
Swain,ADC,weak_against,Xayah,47.50%,9
Swain,ADC,weak_against,Seraphine,48.39%,10
Swain,MID,strong_against,Ryze,75.00%,1
Swain,MID,strong_against,Orianna,68.29%,2
Swain,MID,strong_against,Malzahar,66.67%,3
Swain,MID,strong_against,Vex,59.38%,4
Swain,MID,strong_against,Yasuo,58.82%,5
Swain,MID,strong_against,LeBlanc,58.54%,6
Swain,MID,strong_against,Akali,55.32%,7
Swain,MID,strong_against,Sylas,55.21%,8
Swain,MID,strong_against,Syndra,54.88%,9
Swain,MID,strong_against,Twisted Fate,53.49%,10
Swain,MID,weak_against,Locke,31.25%,1
Swain,MID,weak_against,Hwei,33.33%,2
Swain,MID,weak_against,Zed,40.58%,3
Swain,MID,weak_against,Katarina,42.86%,4
Swain,MID,weak_against,Vladimir,44.74%,5
Swain,MID,weak_against,Ahri,46.43%,6
Swain,MID,weak_against,Galio,47.50%,7
Swain,MID,weak_against,Viktor,47.96%,8
Swain,MID,weak_against,Yone,48.33%,9
Swain,MID,weak_against,Veigar,48.57%,10
Swain,SUPPORT,strong_against,Shen,60.00%,1
Swain,SUPPORT,strong_against,Xerath,56.25%,2
Swain,SUPPORT,strong_against,Sona,55.56%,3
Swain,SUPPORT,strong_against,Zyra,55.26%,4
Swain,SUPPORT,strong_against,Maokai,54.39%,5
Swain,SUPPORT,strong_against,Rell,52.89%,6
Swain,SUPPORT,strong_against,Nautilus,52.58%,7
Swain,SUPPORT,strong_against,Shaco,52.27%,8
Swain,SUPPORT,strong_against,Lux,52.17%,9
Swain,SUPPORT,strong_against,Morgana,50.42%,10
Swain,SUPPORT,weak_against,Yuumi,37.80%,1
Swain,SUPPORT,weak_against,Janna,39.02%,2
Swain,SUPPORT,weak_against,Seraphine,39.84%,3
Swain,SUPPORT,weak_against,Soraka,40.13%,4
Swain,SUPPORT,weak_against,Braum,40.25%,5
Swain,SUPPORT,weak_against,Vel'Koz,41.03%,6
Swain,SUPPORT,weak_against,Karma,41.78%,7
Swain,SUPPORT,weak_against,Tahm Kench,42.22%,8
Swain,SUPPORT,weak_against,Milio,42.56%,9
Swain,SUPPORT,weak_against,Sylas,43.28%,10
Swain,TOP,strong_against,K'Sante,65.63%,1
Swain,TOP,strong_against,Darius,62.16%,2
Swain,TOP,strong_against,Malphite,58.70%,3
Swain,TOP,strong_against,Aatrox,58.54%,4
Swain,TOP,strong_against,Jayce,56.25%,5
Swain,TOP,strong_against,Shen,53.49%,6
Swain,TOP,strong_against,Gangplank,52.63%,7
Swain,TOP,strong_against,Yone,51.79%,8
Swain,TOP,strong_against,Ambessa,48.57%,9
Swain,TOP,strong_against,Yasuo,48.39%,10
Swain,TOP,weak_against,Dr. Mundo,34.21%,1
Swain,TOP,weak_against,Jax,35.00%,2
Swain,TOP,weak_against,Renekton,39.22%,3
Swain,TOP,weak_against,Sett,42.55%,4
Swain,TOP,weak_against,Teemo,43.10%,5
Swain,TOP,weak_against,Irelia,45.24%,6
Swain,TOP,weak_against,Garen,47.06%,7
Swain,TOP,weak_against,Mordekaiser,47.22%,8
Swain,TOP,weak_against,Nasus,47.69%,9
Swain,TOP,weak_against,Yasuo,48.39%,10
Sylas,JUNGLE,strong_against,Shyvana,58.39%,1
Sylas,JUNGLE,strong_against,Jayce,55.04%,2
Sylas,JUNGLE,strong_against,Kindred,54.95%,3
Sylas,JUNGLE,strong_against,Rek'Sai,54.44%,4
Sylas,JUNGLE,strong_against,Rengar,54.05%,5
Sylas,JUNGLE,strong_against,Qiyana,53.80%,6
Sylas,JUNGLE,strong_against,Fiddlesticks,53.79%,7
Sylas,JUNGLE,strong_against,Vi,53.66%,8
Sylas,JUNGLE,strong_against,Ekko,53.60%,9
Sylas,JUNGLE,strong_against,Hecarim,53.42%,10
Sylas,JUNGLE,weak_against,Gwen,38.79%,1
Sylas,JUNGLE,weak_against,Warwick,40.60%,2
Sylas,JUNGLE,weak_against,Elise,40.74%,3
Sylas,JUNGLE,weak_against,Nidalee,43.77%,4
Sylas,JUNGLE,weak_against,Briar,45.31%,5
Sylas,JUNGLE,weak_against,Shaco,45.98%,6
Sylas,JUNGLE,weak_against,Aatrox,46.15%,7
Sylas,JUNGLE,weak_against,Lillia,46.42%,8
Sylas,JUNGLE,weak_against,Zac,46.56%,9
Sylas,JUNGLE,weak_against,Trundle,46.79%,10
Sylas,MID,strong_against,Brand,64.15%,1
Sylas,MID,strong_against,Malphite,61.68%,2
Sylas,MID,strong_against,Irelia,58.40%,3
Sylas,MID,strong_against,Vel'Koz,57.69%,4
Sylas,MID,strong_against,Ekko,57.10%,5
Sylas,MID,strong_against,Mel,55.93%,6
Sylas,MID,strong_against,Jayce,55.56%,7
Sylas,MID,strong_against,Azir,55.19%,8
Sylas,MID,strong_against,Lux,54.93%,9
Sylas,MID,strong_against,Nasus,54.20%,10
Sylas,MID,weak_against,Pantheon,41.67%,1
Sylas,MID,weak_against,Vex,42.26%,2
Sylas,MID,weak_against,Naafiri,42.86%,3
Sylas,MID,weak_against,Malzahar,43.73%,4
Sylas,MID,weak_against,Swain,44.79%,5
Sylas,MID,weak_against,Vladimir,45.42%,6
Sylas,MID,weak_against,Gwen,45.45%,7
Sylas,MID,weak_against,LeBlanc,45.49%,8
Sylas,MID,weak_against,Veigar,45.54%,9
Sylas,MID,weak_against,Ryze,45.79%,10
Syndra,MID,strong_against,Ryze,57.92%,1
Syndra,MID,strong_against,Gwen,57.14%,2
Syndra,MID,strong_against,Mel,57.08%,3
Syndra,MID,strong_against,Orianna,56.85%,4
Syndra,MID,strong_against,Vel'Koz,55.30%,5
Syndra,MID,strong_against,Galio,54.67%,6
Syndra,MID,strong_against,Yone,54.57%,7
Syndra,MID,strong_against,Kassadin,52.96%,8
Syndra,MID,strong_against,Pantheon,52.94%,9
Syndra,MID,strong_against,Cassiopeia,52.57%,10
Syndra,MID,weak_against,Katarina,43.99%,1
Syndra,MID,weak_against,Zoe,44.05%,2
Syndra,MID,weak_against,Irelia,45.11%,3
Syndra,MID,weak_against,Swain,45.12%,4
Syndra,MID,weak_against,Talon,45.63%,5
Syndra,MID,weak_against,Fizz,45.76%,6
Syndra,MID,weak_against,Locke,45.82%,7
Syndra,MID,weak_against,Ziggs,45.83%,8
Syndra,MID,weak_against,LeBlanc,46.51%,9
Syndra,MID,weak_against,Zed,46.80%,10
Tahm Kench,SUPPORT,strong_against,Sylas,70.73%,1
Tahm Kench,SUPPORT,strong_against,Neeko,63.89%,2
Tahm Kench,SUPPORT,strong_against,Shaco,61.36%,3
Tahm Kench,SUPPORT,strong_against,Yuumi,58.26%,4
Tahm Kench,SUPPORT,strong_against,Vel'Koz,57.81%,5
Tahm Kench,SUPPORT,strong_against,Zilean,57.47%,6
Tahm Kench,SUPPORT,strong_against,Swain,57.30%,7
Tahm Kench,SUPPORT,strong_against,Brand,57.14%,8
Tahm Kench,SUPPORT,strong_against,Xerath,56.67%,9
Tahm Kench,SUPPORT,strong_against,Karma,56.52%,10
Tahm Kench,SUPPORT,weak_against,Galio,30.00%,1
Tahm Kench,SUPPORT,weak_against,Braum,40.46%,2
Tahm Kench,SUPPORT,weak_against,Morgana,41.90%,3
Tahm Kench,SUPPORT,weak_against,Zyra,42.00%,4
Tahm Kench,SUPPORT,weak_against,Rell,42.03%,5
Tahm Kench,SUPPORT,weak_against,Shen,42.55%,6
Tahm Kench,SUPPORT,weak_against,Taric,43.24%,7
Tahm Kench,SUPPORT,weak_against,Rakan,43.52%,8
Tahm Kench,SUPPORT,weak_against,Blitzcrank,43.98%,9
Tahm Kench,SUPPORT,weak_against,Maokai,44.00%,10
Tahm Kench,TOP,strong_against,Vladimir,63.64%,1
Tahm Kench,TOP,strong_against,Urgot,59.26%,2
Tahm Kench,TOP,strong_against,Pantheon,58.18%,3
Tahm Kench,TOP,strong_against,Cho'Gath,56.79%,4
Tahm Kench,TOP,strong_against,Jax,54.44%,5
Tahm Kench,TOP,strong_against,Nasus,54.32%,6
Tahm Kench,TOP,strong_against,Darius,54.17%,7
Tahm Kench,TOP,strong_against,Malphite,54.07%,8
Tahm Kench,TOP,strong_against,Camille,53.75%,9
Tahm Kench,TOP,strong_against,Garen,53.42%,10
Tahm Kench,TOP,weak_against,Singed,31.11%,1
Tahm Kench,TOP,weak_against,Ornn,32.00%,2
Tahm Kench,TOP,weak_against,Heimerdinger,33.33%,3
Tahm Kench,TOP,weak_against,Warwick,33.33%,4
Tahm Kench,TOP,weak_against,Tryndamere,38.33%,5
Tahm Kench,TOP,weak_against,Yasuo,38.81%,6
Tahm Kench,TOP,weak_against,Fiora,39.06%,7
Tahm Kench,TOP,weak_against,Gragas,39.22%,8
Tahm Kench,TOP,weak_against,Sion,39.62%,9
Tahm Kench,TOP,weak_against,Yorick,42.22%,10
Taliyah,JUNGLE,strong_against,Ekko,63.27%,1
Taliyah,JUNGLE,strong_against,Diana,61.29%,2
Taliyah,JUNGLE,strong_against,Jayce,58.70%,3
Taliyah,JUNGLE,strong_against,Zac,58.14%,4
Taliyah,JUNGLE,strong_against,Vi,56.47%,5
Taliyah,JUNGLE,strong_against,Shaco,55.81%,6
Taliyah,JUNGLE,strong_against,Lee Sin,55.16%,7
Taliyah,JUNGLE,strong_against,Warwick,54.84%,8
Taliyah,JUNGLE,strong_against,Wukong,54.41%,9
Taliyah,JUNGLE,strong_against,Viego,53.98%,10
Taliyah,JUNGLE,weak_against,Rek'Sai,28.57%,1
Taliyah,JUNGLE,weak_against,Zed,34.29%,2
Taliyah,JUNGLE,weak_against,Talon,38.96%,3
Taliyah,JUNGLE,weak_against,Xin Zhao,39.58%,4
Taliyah,JUNGLE,weak_against,Naafiri,41.18%,5
Taliyah,JUNGLE,weak_against,Lillia,42.00%,6
Taliyah,JUNGLE,weak_against,Nidalee,43.06%,7
Taliyah,JUNGLE,weak_against,Rengar,43.48%,8
Taliyah,JUNGLE,weak_against,Kha'Zix,43.64%,9
Taliyah,JUNGLE,weak_against,Bel'Veth,45.61%,10
Taliyah,MID,strong_against,Ahri,59.28%,1
Taliyah,MID,strong_against,Azir,56.41%,2
Taliyah,MID,strong_against,Irelia,56.16%,3
Taliyah,MID,strong_against,Yone,55.83%,4
Taliyah,MID,strong_against,Malzahar,54.55%,5
Taliyah,MID,strong_against,Ekko,54.24%,6
Taliyah,MID,strong_against,Akali,53.33%,7
Taliyah,MID,strong_against,Galio,52.83%,8
Taliyah,MID,strong_against,Zoe,52.54%,9
Taliyah,MID,strong_against,Ryze,52.22%,10
Taliyah,MID,weak_against,Vladimir,31.94%,1
Taliyah,MID,weak_against,Annie,35.48%,2
Taliyah,MID,weak_against,Nasus,35.56%,3
Taliyah,MID,weak_against,Zed,39.29%,4
Taliyah,MID,weak_against,Xerath,42.17%,5
Taliyah,MID,weak_against,Lux,42.86%,6
Taliyah,MID,weak_against,Lissandra,43.24%,7
Taliyah,MID,weak_against,Akshan,44.23%,8
Taliyah,MID,weak_against,Fizz,45.21%,9
Taliyah,MID,weak_against,Aurora,45.83%,10
Talon,JUNGLE,strong_against,Pantheon,57.47%,1
Talon,JUNGLE,strong_against,Locke,55.29%,2
Talon,JUNGLE,strong_against,Shaco,54.96%,3
Talon,JUNGLE,strong_against,Ivern,54.84%,4
Talon,JUNGLE,strong_against,Nunu & Willump,54.60%,5
Talon,JUNGLE,strong_against,Jayce,54.49%,6
Talon,JUNGLE,strong_against,Karthus,54.05%,7
Talon,JUNGLE,strong_against,Naafiri,53.81%,8
Talon,JUNGLE,strong_against,Vi,53.42%,9
Talon,JUNGLE,strong_against,Amumu,53.29%,10
Talon,JUNGLE,weak_against,Aatrox,45.00%,1
Talon,JUNGLE,weak_against,Briar,45.84%,2
Talon,JUNGLE,weak_against,Zac,46.15%,3
Talon,JUNGLE,weak_against,Udyr,46.32%,4
Talon,JUNGLE,weak_against,Nidalee,46.60%,5
Talon,JUNGLE,weak_against,Zyra,46.77%,6
Talon,JUNGLE,weak_against,Cho'Gath,47.62%,7
Talon,JUNGLE,weak_against,Sejuani,47.83%,8
Talon,JUNGLE,weak_against,Rek'Sai,47.86%,9
Talon,JUNGLE,weak_against,Rengar,48.16%,10
Talon,MID,strong_against,Diana,64.77%,1
Talon,MID,strong_against,Malzahar,62.81%,2
Talon,MID,strong_against,Xerath,61.26%,3
Talon,MID,strong_against,Cassiopeia,60.38%,4
Talon,MID,strong_against,Nasus,59.52%,5
Talon,MID,strong_against,Orianna,55.56%,6
Talon,MID,strong_against,Locke,55.36%,7
Talon,MID,strong_against,Azir,55.10%,8
Talon,MID,strong_against,Zoe,54.95%,9
Talon,MID,strong_against,Veigar,54.69%,10
Talon,MID,weak_against,Anivia,37.25%,1
Talon,MID,weak_against,Ekko,41.03%,2
Talon,MID,weak_against,Hwei,41.11%,3
Talon,MID,weak_against,Akshan,43.10%,4
Talon,MID,weak_against,Aurelion Sol,43.24%,5
Talon,MID,weak_against,Lux,43.33%,6
Talon,MID,weak_against,Viktor,43.89%,7
Talon,MID,weak_against,Irelia,44.09%,8
Talon,MID,weak_against,Mel,44.44%,9
Talon,MID,weak_against,Kassadin,44.93%,10
Taric,SUPPORT,strong_against,Vel'Koz,73.81%,1
Taric,SUPPORT,strong_against,Rakan,60.64%,2
Taric,SUPPORT,strong_against,Maokai,60.61%,3
Taric,SUPPORT,strong_against,Shen,60.00%,4
Taric,SUPPORT,strong_against,Pyke,59.50%,5
Taric,SUPPORT,strong_against,Pantheon,57.53%,6
Taric,SUPPORT,strong_against,Rell,57.52%,7
Taric,SUPPORT,strong_against,Sona,57.33%,8
Taric,SUPPORT,strong_against,Tahm Kench,56.76%,9
Taric,SUPPORT,strong_against,Yuumi,56.73%,10
Taric,SUPPORT,weak_against,Alistar,43.09%,1
Taric,SUPPORT,weak_against,Senna,45.69%,2
Taric,SUPPORT,weak_against,Soraka,45.90%,3
Taric,SUPPORT,weak_against,Lulu,46.54%,4
Taric,SUPPORT,weak_against,Lux,47.30%,5
Taric,SUPPORT,weak_against,Braum,48.18%,6
Taric,SUPPORT,weak_against,Zilean,48.44%,7
Taric,SUPPORT,weak_against,Nami,48.62%,8
Taric,SUPPORT,weak_against,Milio,48.80%,9
Taric,SUPPORT,weak_against,Xerath,48.94%,10
Teemo,JUNGLE,strong_against,Shyvana,58.49%,1
Teemo,JUNGLE,strong_against,Ekko,57.58%,2
Teemo,JUNGLE,strong_against,Master Yi,55.81%,3
Teemo,JUNGLE,strong_against,Viego,55.17%,4
Teemo,JUNGLE,strong_against,Jarvan IV,51.16%,5
Teemo,JUNGLE,strong_against,Lee Sin,50.00%,6
Teemo,JUNGLE,strong_against,Lillia,47.06%,7
Teemo,JUNGLE,strong_against,Graves,46.58%,8
Teemo,JUNGLE,strong_against,Kha'Zix,44.12%,9
Teemo,JUNGLE,strong_against,Kayn,43.10%,10
Teemo,JUNGLE,weak_against,Shaco,35.00%,1
Teemo,JUNGLE,weak_against,Diana,38.71%,2
Teemo,JUNGLE,weak_against,Briar,38.89%,3
Teemo,JUNGLE,weak_against,Talon,39.58%,4
Teemo,JUNGLE,weak_against,Qiyana,40.43%,5
Teemo,JUNGLE,weak_against,Nocturne,40.48%,6
Teemo,JUNGLE,weak_against,Vi,40.63%,7
Teemo,JUNGLE,weak_against,Hecarim,42.50%,8
Teemo,JUNGLE,weak_against,Sylas,42.50%,9
Teemo,JUNGLE,weak_against,Kayn,43.10%,10
Teemo,SUPPORT,strong_against,Leona,63.83%,1
Teemo,SUPPORT,strong_against,Yuumi,62.86%,2
Teemo,SUPPORT,strong_against,Lulu,60.00%,3
Teemo,SUPPORT,strong_against,Bard,52.50%,4
Teemo,SUPPORT,strong_against,Rakan,51.61%,5
Teemo,SUPPORT,strong_against,Pyke,51.06%,6
Teemo,SUPPORT,strong_against,Nautilus,49.23%,7
Teemo,SUPPORT,strong_against,Lux,48.89%,8
Teemo,SUPPORT,strong_against,Seraphine,46.48%,9
Teemo,SUPPORT,strong_against,Senna,46.15%,10
Teemo,SUPPORT,weak_against,Karma,40.91%,1
Teemo,SUPPORT,weak_against,Thresh,41.67%,2
Teemo,SUPPORT,weak_against,Nami,41.94%,3
Teemo,SUPPORT,weak_against,Blitzcrank,42.55%,4
Teemo,SUPPORT,weak_against,Sona,43.33%,5
Teemo,SUPPORT,weak_against,Milio,44.19%,6
Teemo,SUPPORT,weak_against,Senna,46.15%,7
Teemo,SUPPORT,weak_against,Seraphine,46.48%,8
Teemo,SUPPORT,weak_against,Lux,48.89%,9
Teemo,SUPPORT,weak_against,Nautilus,49.23%,10
Teemo,TOP,strong_against,Vayne,62.69%,1
Teemo,TOP,strong_against,Illaoi,62.50%,2
Teemo,TOP,strong_against,Trundle,60.49%,3
Teemo,TOP,strong_against,Volibear,59.84%,4
Teemo,TOP,strong_against,Zaahen,59.21%,5
Teemo,TOP,strong_against,Swain,58.62%,6
Teemo,TOP,strong_against,Tryndamere,57.14%,7
Teemo,TOP,strong_against,Singed,56.95%,8
Teemo,TOP,strong_against,Jayce,56.76%,9
Teemo,TOP,strong_against,Camille,55.91%,10
Teemo,TOP,weak_against,Sion,38.33%,1
Teemo,TOP,weak_against,Irelia,42.24%,2
Teemo,TOP,weak_against,Ornn,43.55%,3
Teemo,TOP,weak_against,Rumble,45.35%,4
Teemo,TOP,weak_against,Cassiopeia,45.36%,5
Teemo,TOP,weak_against,Akali,45.73%,6
Teemo,TOP,weak_against,Urgot,46.28%,7
Teemo,TOP,weak_against,Olaf,47.08%,8
Teemo,TOP,weak_against,Dr. Mundo,47.37%,9
Teemo,TOP,weak_against,Vladimir,48.12%,10
Thresh,SUPPORT,strong_against,Sylas,60.00%,1
Thresh,SUPPORT,strong_against,Teemo,58.33%,2
Thresh,SUPPORT,strong_against,Ashe,57.43%,3
Thresh,SUPPORT,strong_against,Hwei,57.25%,4
Thresh,SUPPORT,strong_against,Elise,56.39%,5
Thresh,SUPPORT,strong_against,Camille,56.36%,6
Thresh,SUPPORT,strong_against,Shen,55.43%,7
Thresh,SUPPORT,strong_against,Yuumi,54.93%,8
Thresh,SUPPORT,strong_against,Lux,54.69%,9
Thresh,SUPPORT,strong_against,Neeko,54.65%,10
Thresh,SUPPORT,weak_against,Galio,46.10%,1
Thresh,SUPPORT,weak_against,Rell,46.67%,2
Thresh,SUPPORT,weak_against,Zoe,47.67%,3
Thresh,SUPPORT,weak_against,Brand,47.83%,4
Thresh,SUPPORT,weak_against,Fiddlesticks,47.86%,5
Thresh,SUPPORT,weak_against,Renata Glasc,48.05%,6
Thresh,SUPPORT,weak_against,Amumu,48.94%,7
Thresh,SUPPORT,weak_against,Taric,48.95%,8
Thresh,SUPPORT,weak_against,Leona,49.22%,9
Thresh,SUPPORT,weak_against,Seraphine,50.06%,10
Tristana,ADC,strong_against,Katarina,55.56%,1
Tristana,ADC,strong_against,Vayne,55.53%,2
Tristana,ADC,strong_against,Ezreal,55.24%,3
Tristana,ADC,strong_against,Aurelion Sol,55.24%,4
Tristana,ADC,strong_against,Ziggs,54.24%,5
Tristana,ADC,strong_against,Smolder,54.16%,6
Tristana,ADC,strong_against,Yunara,54.07%,7
Tristana,ADC,strong_against,Syndra,53.91%,8
Tristana,ADC,strong_against,Nilah,53.80%,9
Tristana,ADC,strong_against,Jhin,53.73%,10
Tristana,ADC,weak_against,Lux,40.77%,1
Tristana,ADC,weak_against,Vladimir,40.96%,2
Tristana,ADC,weak_against,Karthus,41.89%,3
Tristana,ADC,weak_against,Veigar,43.90%,4
Tristana,ADC,weak_against,Vel'Koz,44.74%,5
Tristana,ADC,weak_against,Brand,45.00%,6
Tristana,ADC,weak_against,Draven,46.34%,7
Tristana,ADC,weak_against,Kog'Maw,46.53%,8
Tristana,ADC,weak_against,Seraphine,48.34%,9
Tristana,ADC,weak_against,Lucian,49.23%,10
Trundle,TOP,strong_against,Tryndamere,64.29%,1
Trundle,TOP,strong_against,Zaahen,63.08%,2
Trundle,TOP,strong_against,Irelia,59.09%,3
Trundle,TOP,strong_against,Olaf,58.45%,4
Trundle,TOP,strong_against,Tahm Kench,57.89%,5
Trundle,TOP,strong_against,Kennen,57.14%,6
Trundle,TOP,strong_against,Illaoi,56.86%,7
Trundle,TOP,strong_against,Cho'Gath,55.71%,8
Trundle,TOP,strong_against,Gangplank,55.14%,9
Trundle,TOP,strong_against,Gwen,54.93%,10
Trundle,TOP,weak_against,Kayle,29.03%,1
Trundle,TOP,weak_against,Teemo,37.66%,2
Trundle,TOP,weak_against,Urgot,37.74%,3
Trundle,TOP,weak_against,Aatrox,39.01%,4
Trundle,TOP,weak_against,Singed,41.07%,5
Trundle,TOP,weak_against,Malphite,42.07%,6
Trundle,TOP,weak_against,Jax,43.02%,7
Trundle,TOP,weak_against,Gragas,43.14%,8
Trundle,TOP,weak_against,Sett,43.24%,9
Trundle,TOP,weak_against,Vayne,43.59%,10
Tryndamere,TOP,strong_against,K'Sante,62.29%,1
Tryndamere,TOP,strong_against,Gwen,60.00%,2
Tryndamere,TOP,strong_against,Tahm Kench,59.02%,3
Tryndamere,TOP,strong_against,Warwick,57.81%,4
Tryndamere,TOP,strong_against,Illaoi,57.80%,5
Tryndamere,TOP,strong_against,Vladimir,56.76%,6
Tryndamere,TOP,strong_against,Fiora,56.22%,7
Tryndamere,TOP,strong_against,Zaahen,55.81%,8
Tryndamere,TOP,strong_against,Olaf,55.77%,9
Tryndamere,TOP,strong_against,Renekton,55.26%,10
Tryndamere,TOP,weak_against,Trundle,37.21%,1
Tryndamere,TOP,weak_against,Kayle,38.46%,2
Tryndamere,TOP,weak_against,Kennen,41.07%,3
Tryndamere,TOP,weak_against,Wukong,42.11%,4
Tryndamere,TOP,weak_against,Pantheon,42.45%,5
Tryndamere,TOP,weak_against,Cho'Gath,43.38%,6
Tryndamere,TOP,weak_against,Volibear,43.80%,7
Tryndamere,TOP,weak_against,Riven,43.90%,8
Tryndamere,TOP,weak_against,Malphite,44.42%,9
Tryndamere,TOP,weak_against,Teemo,44.68%,10
Twisted Fate,MID,strong_against,Malphite,62.16%,1
Twisted Fate,MID,strong_against,Mel,59.47%,2
Twisted Fate,MID,strong_against,Qiyana,57.71%,3
Twisted Fate,MID,strong_against,Aurora,57.53%,4
Twisted Fate,MID,strong_against,Pantheon,56.25%,5
Twisted Fate,MID,strong_against,Ryze,55.37%,6
Twisted Fate,MID,strong_against,Orianna,54.72%,7
Twisted Fate,MID,strong_against,Jayce,54.69%,8
Twisted Fate,MID,strong_against,Galio,54.50%,9
Twisted Fate,MID,strong_against,Akali,54.44%,10
Twisted Fate,MID,weak_against,Naafiri,45.76%,1
Twisted Fate,MID,weak_against,Vel'Koz,46.00%,2
Twisted Fate,MID,weak_against,Swain,46.51%,3
Twisted Fate,MID,weak_against,Fizz,46.81%,4
Twisted Fate,MID,weak_against,Lissandra,46.84%,5
Twisted Fate,MID,weak_against,Ekko,46.88%,6
Twisted Fate,MID,weak_against,Brand,47.50%,7
Twisted Fate,MID,weak_against,Aurelion Sol,47.73%,8
Twisted Fate,MID,weak_against,Zed,47.97%,9
Twisted Fate,MID,weak_against,Diana,48.08%,10
Twitch,ADC,strong_against,Lucian,55.23%,1
Twitch,ADC,strong_against,Lux,54.84%,2
Twitch,ADC,strong_against,Katarina,54.05%,3
Twitch,ADC,strong_against,Viktor,53.76%,4
Twitch,ADC,strong_against,Ashe,53.41%,5
Twitch,ADC,strong_against,Sivir,53.24%,6
Twitch,ADC,strong_against,Yunara,52.74%,7
Twitch,ADC,strong_against,Kalista,52.60%,8
Twitch,ADC,strong_against,Smolder,52.53%,9
Twitch,ADC,strong_against,Ezreal,52.39%,10
Twitch,ADC,weak_against,Vel'Koz,31.67%,1
Twitch,ADC,weak_against,Vladimir,36.11%,2
Twitch,ADC,weak_against,Swain,43.10%,3
Twitch,ADC,weak_against,Nilah,44.36%,4
Twitch,ADC,weak_against,Corki,44.93%,5
Twitch,ADC,weak_against,Aurelion Sol,45.10%,6
Twitch,ADC,weak_against,Seraphine,45.18%,7
Twitch,ADC,weak_against,Zeri,45.77%,8
Twitch,ADC,weak_against,Xayah,46.89%,9
Twitch,ADC,weak_against,Kog'Maw,47.12%,10
Udyr,JUNGLE,strong_against,Diana,64.56%,1
Udyr,JUNGLE,strong_against,Hecarim,60.98%,2
Udyr,JUNGLE,strong_against,Rek'Sai,60.00%,3
Udyr,JUNGLE,strong_against,Cho'Gath,59.52%,4
Udyr,JUNGLE,strong_against,Karthus,58.82%,5
Udyr,JUNGLE,strong_against,Nunu & Willump,58.18%,6
Udyr,JUNGLE,strong_against,Quinn,57.14%,7
Udyr,JUNGLE,strong_against,Darius,56.67%,8
Udyr,JUNGLE,strong_against,Shaco,56.29%,9
Udyr,JUNGLE,strong_against,Vi,56.25%,10
Udyr,JUNGLE,weak_against,Aatrox,34.00%,1
Udyr,JUNGLE,weak_against,Ekko,35.11%,2
Udyr,JUNGLE,weak_against,Sejuani,41.67%,3
Udyr,JUNGLE,weak_against,Elise,41.82%,4
Udyr,JUNGLE,weak_against,Rammus,42.62%,5
Udyr,JUNGLE,weak_against,Xin Zhao,42.86%,6
Udyr,JUNGLE,weak_against,Rengar,43.44%,7
Udyr,JUNGLE,weak_against,Gwen,43.90%,8
Udyr,JUNGLE,weak_against,Fiddlesticks,44.32%,9
Udyr,JUNGLE,weak_against,Qiyana,46.30%,10
Udyr,TOP,strong_against,Dr. Mundo,63.04%,1
Udyr,TOP,strong_against,Yone,55.32%,2
Udyr,TOP,strong_against,Sett,54.29%,3
Udyr,TOP,strong_against,Gangplank,54.00%,4
Udyr,TOP,strong_against,Malphite,53.49%,5
Udyr,TOP,strong_against,Jax,53.19%,6
Udyr,TOP,strong_against,Volibear,52.94%,7
Udyr,TOP,strong_against,Ambessa,52.63%,8
Udyr,TOP,strong_against,Nasus,51.32%,9
Udyr,TOP,strong_against,Aatrox,50.94%,10
Udyr,TOP,weak_against,Olaf,33.33%,1
Udyr,TOP,weak_against,Fiora,36.67%,2
Udyr,TOP,weak_against,Yasuo,38.24%,3
Udyr,TOP,weak_against,Singed,38.46%,4
Udyr,TOP,weak_against,Shen,40.63%,5
Udyr,TOP,weak_against,Renekton,43.18%,6
Udyr,TOP,weak_against,K'Sante,43.90%,7
Udyr,TOP,weak_against,Garen,45.24%,8
Udyr,TOP,weak_against,Irelia,46.88%,9
Udyr,TOP,weak_against,Mordekaiser,47.22%,10
Urgot,TOP,strong_against,Pantheon,65.38%,1
Urgot,TOP,strong_against,Trundle,61.82%,2
Urgot,TOP,strong_against,Riven,61.39%,3
Urgot,TOP,strong_against,Zaahen,59.46%,4
Urgot,TOP,strong_against,K'Sante,58.52%,5
Urgot,TOP,strong_against,Gnar,57.89%,6
Urgot,TOP,strong_against,Akali,57.35%,7
Urgot,TOP,strong_against,Gragas,56.06%,8
Urgot,TOP,strong_against,Mordekaiser,55.31%,9
Urgot,TOP,strong_against,Sett,55.21%,10
Urgot,TOP,weak_against,Vladimir,39.53%,1
Urgot,TOP,weak_against,Tahm Kench,40.38%,2
Urgot,TOP,weak_against,Kennen,42.00%,3
Urgot,TOP,weak_against,Gangplank,44.21%,4
Urgot,TOP,weak_against,Rumble,44.26%,5
Urgot,TOP,weak_against,Malphite,45.03%,6
Urgot,TOP,weak_against,Cho'Gath,45.16%,7
Urgot,TOP,weak_against,Shen,45.53%,8
Urgot,TOP,weak_against,Heimerdinger,47.62%,9
Urgot,TOP,weak_against,Renekton,49.18%,10
Varus,ADC,strong_against,Aphelios,57.07%,1
Varus,ADC,strong_against,Ezreal,55.81%,2
Varus,ADC,strong_against,Vayne,54.90%,3
Varus,ADC,strong_against,Seraphine,54.29%,4
Varus,ADC,strong_against,Smolder,54.26%,5
Varus,ADC,strong_against,Veigar,54.00%,6
Varus,ADC,strong_against,Mel,53.06%,7
Varus,ADC,strong_against,Kalista,52.70%,8
Varus,ADC,strong_against,Samira,51.89%,9
Varus,ADC,strong_against,Yasuo,50.75%,10
Varus,ADC,weak_against,Hwei,29.41%,1
Varus,ADC,weak_against,Kog'Maw,36.62%,2
Varus,ADC,weak_against,Xerath,40.98%,3
Varus,ADC,weak_against,Jinx,41.85%,4
Varus,ADC,weak_against,Ashe,42.06%,5
Varus,ADC,weak_against,Corki,42.59%,6
Varus,ADC,weak_against,Viktor,43.00%,7
Varus,ADC,weak_against,Sivir,43.33%,8
Varus,ADC,weak_against,Miss Fortune,43.55%,9
Varus,ADC,weak_against,Swain,43.75%,10
Varus,TOP,strong_against,Mordekaiser,67.74%,1
Varus,TOP,strong_against,K'Sante,59.38%,2
Varus,TOP,strong_against,Illaoi,56.25%,3
Varus,TOP,strong_against,Gangplank,55.77%,4
Varus,TOP,strong_against,Yorick,55.00%,5
Varus,TOP,strong_against,Yone,50.67%,6
Varus,TOP,strong_against,Garen,50.00%,7
Varus,TOP,strong_against,Nasus,49.49%,8
Varus,TOP,strong_against,Jayce,48.57%,9
Varus,TOP,strong_against,Dr. Mundo,45.45%,10
Varus,TOP,weak_against,Irelia,29.51%,1
Varus,TOP,weak_against,Olaf,36.07%,2
Varus,TOP,weak_against,Aatrox,36.36%,3
Varus,TOP,weak_against,Jax,38.46%,4
Varus,TOP,weak_against,Malphite,39.33%,5
Varus,TOP,weak_against,Ambessa,39.53%,6
Varus,TOP,weak_against,Vayne,41.30%,7
Varus,TOP,weak_against,Renekton,42.11%,8
Varus,TOP,weak_against,Sett,42.11%,9
Varus,TOP,weak_against,Gnar,42.50%,10
Vayne,ADC,strong_against,Mel,58.97%,1
Vayne,ADC,strong_against,Swain,58.33%,2
Vayne,ADC,strong_against,Seraphine,53.13%,3
Vayne,ADC,strong_against,Hwei,52.94%,4
Vayne,ADC,strong_against,Syndra,51.38%,5
Vayne,ADC,strong_against,Lucian,51.20%,6
Vayne,ADC,strong_against,Xerath,50.88%,7
Vayne,ADC,strong_against,Ezreal,49.75%,8
Vayne,ADC,strong_against,Miss Fortune,49.66%,9
Vayne,ADC,strong_against,Yasuo,49.19%,10
Vayne,ADC,weak_against,Aurelion Sol,37.14%,1
Vayne,ADC,weak_against,Yunara,40.54%,2
Vayne,ADC,weak_against,Aphelios,41.47%,3
Vayne,ADC,weak_against,Ziggs,41.49%,4
Vayne,ADC,weak_against,Kog'Maw,41.94%,5
Vayne,ADC,weak_against,Vladimir,42.50%,6
Vayne,ADC,weak_against,Sivir,43.00%,7
Vayne,ADC,weak_against,Jinx,43.97%,8
Vayne,ADC,weak_against,Xayah,44.21%,9
Vayne,ADC,weak_against,Tristana,44.47%,10
Vayne,TOP,strong_against,Varus,57.45%,1
Vayne,TOP,strong_against,Trundle,56.41%,2
Vayne,TOP,strong_against,Vladimir,55.56%,3
Vayne,TOP,strong_against,Riven,55.26%,4
Vayne,TOP,strong_against,Dr. Mundo,54.74%,5
Vayne,TOP,strong_against,Zaahen,53.42%,6
Vayne,TOP,strong_against,Rumble,53.33%,7
Vayne,TOP,strong_against,Tahm Kench,52.94%,8
Vayne,TOP,strong_against,Volibear,52.70%,9
Vayne,TOP,strong_against,Sett,52.50%,10
Vayne,TOP,weak_against,Yasuo,34.09%,1
Vayne,TOP,weak_against,Teemo,36.89%,2
Vayne,TOP,weak_against,Gangplank,36.89%,3
Vayne,TOP,weak_against,Malphite,36.90%,4
Vayne,TOP,weak_against,Kennen,40.00%,5
Vayne,TOP,weak_against,Kayle,40.00%,6
Vayne,TOP,weak_against,Yorick,40.63%,7
Vayne,TOP,weak_against,Akali,40.71%,8
Vayne,TOP,weak_against,Gwen,40.91%,9
Vayne,TOP,weak_against,Nasus,42.14%,10
Veigar,ADC,strong_against,Corki,70.83%,1
Veigar,ADC,strong_against,Vladimir,62.50%,2
Veigar,ADC,strong_against,Ziggs,58.24%,3
Veigar,ADC,strong_against,Yasuo,57.95%,4
Veigar,ADC,strong_against,Lucian,56.76%,5
Veigar,ADC,strong_against,Aphelios,56.45%,6
Veigar,ADC,strong_against,Tristana,56.10%,7
Veigar,ADC,strong_against,Caitlyn,55.80%,8
Veigar,ADC,strong_against,Jhin,55.33%,9
Veigar,ADC,strong_against,Samira,54.95%,10
Veigar,ADC,weak_against,Katarina,41.46%,1
Veigar,ADC,weak_against,Ashe,42.11%,2
Veigar,ADC,weak_against,Kalista,44.90%,3
Veigar,ADC,weak_against,Nilah,45.45%,4
Veigar,ADC,weak_against,Aurelion Sol,45.71%,5
Veigar,ADC,weak_against,Varus,46.00%,6
Veigar,ADC,weak_against,Xerath,47.37%,7
Veigar,ADC,weak_against,Syndra,47.87%,8
Veigar,ADC,weak_against,Zeri,48.41%,9
Veigar,ADC,weak_against,Smolder,49.21%,10
Veigar,MID,strong_against,Vex,58.82%,1
Veigar,MID,strong_against,Galio,58.22%,2
Veigar,MID,strong_against,Diana,58.20%,3
Veigar,MID,strong_against,Zoe,57.89%,4
Veigar,MID,strong_against,Annie,57.14%,5
Veigar,MID,strong_against,Mel,56.96%,6
Veigar,MID,strong_against,Cassiopeia,55.88%,7
Veigar,MID,strong_against,Sylas,54.46%,8
Veigar,MID,strong_against,Aurora,53.85%,9
Veigar,MID,strong_against,Orianna,52.90%,10
Veigar,MID,weak_against,Gwen,37.93%,1
Veigar,MID,weak_against,Vel'Koz,40.54%,2
Veigar,MID,weak_against,Fizz,41.18%,3
Veigar,MID,weak_against,Xerath,41.27%,4
Veigar,MID,weak_against,Ekko,44.58%,5
Veigar,MID,weak_against,Talon,45.31%,6
Veigar,MID,weak_against,Lux,45.60%,7
Veigar,MID,weak_against,Katarina,45.93%,8
Veigar,MID,weak_against,Irelia,46.32%,9
Veigar,MID,weak_against,Aurelion Sol,46.94%,10
Vel'Koz,ADC,strong_against,Twitch,68.33%,1
Vel'Koz,ADC,strong_against,Aphelios,61.29%,2
Vel'Koz,ADC,strong_against,Ashe,61.22%,3
Vel'Koz,ADC,strong_against,Caitlyn,61.03%,4
Vel'Koz,ADC,strong_against,Draven,57.14%,5
Vel'Koz,ADC,strong_against,Viktor,55.56%,6
Vel'Koz,ADC,strong_against,Tristana,55.26%,7
Vel'Koz,ADC,strong_against,Jhin,54.42%,8
Vel'Koz,ADC,strong_against,Lucian,53.75%,9
Vel'Koz,ADC,strong_against,Ezreal,52.68%,10
Vel'Koz,ADC,weak_against,Syndra,45.24%,1
Vel'Koz,ADC,weak_against,Jinx,47.50%,2
Vel'Koz,ADC,weak_against,Yunara,47.69%,3
Vel'Koz,ADC,weak_against,Kai'Sa,49.72%,4
Vel'Koz,ADC,weak_against,Sivir,50.00%,5
Vel'Koz,ADC,weak_against,Zeri,50.85%,6
Vel'Koz,ADC,weak_against,Ezreal,52.68%,7
Vel'Koz,ADC,weak_against,Lucian,53.75%,8
Vel'Koz,ADC,weak_against,Jhin,54.42%,9
Vel'Koz,ADC,weak_against,Tristana,55.26%,10
Vel'Koz,MID,strong_against,Nasus,73.33%,1
Vel'Koz,MID,strong_against,Ryze,70.27%,2
Vel'Koz,MID,strong_against,Lux,66.67%,3
Vel'Koz,MID,strong_against,Veigar,59.46%,4
Vel'Koz,MID,strong_against,Yasuo,58.23%,5
Vel'Koz,MID,strong_against,Hwei,56.90%,6
Vel'Koz,MID,strong_against,Yone,54.76%,7
Vel'Koz,MID,strong_against,Anivia,54.05%,8
Vel'Koz,MID,strong_against,Twisted Fate,54.00%,9
Vel'Koz,MID,strong_against,Akali,52.27%,10
Vel'Koz,MID,weak_against,Vex,25.81%,1
Vel'Koz,MID,weak_against,Kassadin,34.09%,2
Vel'Koz,MID,weak_against,Sylas,42.31%,3
Vel'Koz,MID,weak_against,Fizz,43.08%,4
Vel'Koz,MID,weak_against,LeBlanc,43.28%,5
Vel'Koz,MID,weak_against,Xerath,43.28%,6
Vel'Koz,MID,weak_against,Syndra,44.70%,7
Vel'Koz,MID,weak_against,Lissandra,45.00%,8
Vel'Koz,MID,weak_against,Ekko,45.45%,9
Vel'Koz,MID,weak_against,Ahri,46.67%,10
Vel'Koz,SUPPORT,strong_against,Shen,68.75%,1
Vel'Koz,SUPPORT,strong_against,Swain,58.97%,2
Vel'Koz,SUPPORT,strong_against,Rakan,58.54%,3
Vel'Koz,SUPPORT,strong_against,Alistar,57.50%,4
Vel'Koz,SUPPORT,strong_against,Pantheon,57.45%,5
Vel'Koz,SUPPORT,strong_against,Lux,56.93%,6
Vel'Koz,SUPPORT,strong_against,Galio,56.41%,7
Vel'Koz,SUPPORT,strong_against,Camille,54.63%,8
Vel'Koz,SUPPORT,strong_against,Senna,53.57%,9
Vel'Koz,SUPPORT,strong_against,Morgana,53.25%,10
Vel'Koz,SUPPORT,weak_against,Taric,26.19%,1
Vel'Koz,SUPPORT,weak_against,Renata Glasc,32.35%,2
Vel'Koz,SUPPORT,weak_against,Sylas,35.90%,3
Vel'Koz,SUPPORT,weak_against,Blitzcrank,40.93%,4
Vel'Koz,SUPPORT,weak_against,Zoe,41.94%,5
Vel'Koz,SUPPORT,weak_against,Tahm Kench,42.19%,6
Vel'Koz,SUPPORT,weak_against,Poppy,42.59%,7
Vel'Koz,SUPPORT,weak_against,Xerath,46.15%,8
Vel'Koz,SUPPORT,weak_against,Yuumi,46.20%,9
Vel'Koz,SUPPORT,weak_against,Maokai,46.67%,10
Vex,MID,strong_against,Vel'Koz,74.19%,1
Vex,MID,strong_against,Akali,58.15%,2
Vex,MID,strong_against,Yasuo,58.06%,3
Vex,MID,strong_against,Akshan,58.04%,4
Vex,MID,strong_against,Hwei,57.46%,5
Vex,MID,strong_against,Sylas,57.23%,6
Vex,MID,strong_against,Aurelion Sol,57.14%,7
Vex,MID,strong_against,Naafiri,56.41%,8
Vex,MID,strong_against,Ryze,56.12%,9
Vex,MID,strong_against,LeBlanc,54.96%,10
Vex,MID,weak_against,Nasus,40.00%,1
Vex,MID,weak_against,Swain,40.63%,2
Vex,MID,weak_against,Veigar,41.18%,3
Vex,MID,weak_against,Vladimir,43.70%,4
Vex,MID,weak_against,Cassiopeia,44.00%,5
Vex,MID,weak_against,Diana,45.63%,6
Vex,MID,weak_against,Azir,46.67%,7
Vex,MID,weak_against,Zed,46.95%,8
Vex,MID,weak_against,Aurora,47.54%,9
Vex,MID,weak_against,Annie,48.21%,10
Vi,JUNGLE,strong_against,Pantheon,60.67%,1
Vi,JUNGLE,strong_against,Trundle,56.67%,2
Vi,JUNGLE,strong_against,Gwen,56.25%,3
Vi,JUNGLE,strong_against,Zed,55.49%,4
Vi,JUNGLE,strong_against,Ambessa,53.75%,5
Vi,JUNGLE,strong_against,Rengar,53.47%,6
Vi,JUNGLE,strong_against,Master Yi,53.19%,7
Vi,JUNGLE,strong_against,Qiyana,53.11%,8
Vi,JUNGLE,strong_against,Sejuani,52.80%,9
Vi,JUNGLE,strong_against,Xin Zhao,52.73%,10
Vi,JUNGLE,weak_against,Cho'Gath,36.00%,1
Vi,JUNGLE,weak_against,Rek'Sai,39.55%,2
Vi,JUNGLE,weak_against,Ivern,39.76%,3
Vi,JUNGLE,weak_against,Evelynn,41.56%,4
Vi,JUNGLE,weak_against,Bel'Veth,42.53%,5
Vi,JUNGLE,weak_against,Warwick,42.93%,6
Vi,JUNGLE,weak_against,Taliyah,43.53%,7
Vi,JUNGLE,weak_against,Kha'Zix,43.65%,8
Vi,JUNGLE,weak_against,Udyr,43.75%,9
Vi,JUNGLE,weak_against,Nocturne,45.07%,10
Viego,JUNGLE,strong_against,Master Yi,54.57%,1
Viego,JUNGLE,strong_against,Kindred,52.96%,2
Viego,JUNGLE,strong_against,Zyra,52.80%,3
Viego,JUNGLE,strong_against,Shaco,52.56%,4
Viego,JUNGLE,strong_against,Jax,52.42%,5
Viego,JUNGLE,strong_against,Zed,51.77%,6
Viego,JUNGLE,strong_against,Gwen,51.52%,7
Viego,JUNGLE,strong_against,Elise,51.49%,8
Viego,JUNGLE,strong_against,Lillia,51.35%,9
Viego,JUNGLE,strong_against,Jarvan IV,51.26%,10
Viego,JUNGLE,weak_against,Cho'Gath,40.58%,1
Viego,JUNGLE,weak_against,Ambessa,41.27%,2
Viego,JUNGLE,weak_against,Darius,42.02%,3
Viego,JUNGLE,weak_against,Aatrox,43.42%,4
Viego,JUNGLE,weak_against,Trundle,44.08%,5
Viego,JUNGLE,weak_against,Ivern,44.10%,6
Viego,JUNGLE,weak_against,Evelynn,44.25%,7
Viego,JUNGLE,weak_against,Rammus,44.36%,8
Viego,JUNGLE,weak_against,Fiddlesticks,44.67%,9
Viego,JUNGLE,weak_against,Bel'Veth,44.71%,10
Viktor,MID,strong_against,Mel,59.05%,1
Viktor,MID,strong_against,Pantheon,58.67%,2
Viktor,MID,strong_against,Naafiri,57.14%,3
Viktor,MID,strong_against,Cassiopeia,56.40%,4
Viktor,MID,strong_against,Annie,56.11%,5
Viktor,MID,strong_against,Orianna,55.87%,6
Viktor,MID,strong_against,Talon,55.73%,7
Viktor,MID,strong_against,Ziggs,54.55%,8
Viktor,MID,strong_against,Galio,53.51%,9
Viktor,MID,strong_against,Veigar,52.74%,10
Viktor,MID,weak_against,Brand,41.46%,1
Viktor,MID,weak_against,Jayce,44.86%,2
Viktor,MID,weak_against,Ekko,45.63%,3
Viktor,MID,weak_against,Aurora,46.56%,4
Viktor,MID,weak_against,Hwei,47.28%,5
Viktor,MID,weak_against,Locke,47.52%,6
Viktor,MID,weak_against,LeBlanc,47.53%,7
Viktor,MID,weak_against,Lissandra,47.54%,8
Viktor,MID,weak_against,Ahri,47.62%,9
Viktor,MID,weak_against,Anivia,47.84%,10
Vladimir,ADC,strong_against,Twitch,63.89%,1
Vladimir,ADC,strong_against,Tristana,59.04%,2
Vladimir,ADC,strong_against,Syndra,58.82%,3
Vladimir,ADC,strong_against,Sivir,58.54%,4
Vladimir,ADC,strong_against,Vayne,57.50%,5
Vladimir,ADC,strong_against,Kai'Sa,57.47%,6
Vladimir,ADC,strong_against,Ezreal,56.31%,7
Vladimir,ADC,strong_against,Jhin,54.48%,8
Vladimir,ADC,strong_against,Zeri,53.66%,9
Vladimir,ADC,strong_against,Hwei,53.33%,10
Vladimir,ADC,weak_against,Veigar,37.50%,1
Vladimir,ADC,weak_against,Ziggs,45.95%,2
Vladimir,ADC,weak_against,Ashe,46.15%,3
Vladimir,ADC,weak_against,Lucian,46.67%,4
Vladimir,ADC,weak_against,Viktor,46.67%,5
Vladimir,ADC,weak_against,Yasuo,47.62%,6
Vladimir,ADC,weak_against,Smolder,47.62%,7
Vladimir,ADC,weak_against,Yunara,48.05%,8
Vladimir,ADC,weak_against,Jinx,49.12%,9
Vladimir,ADC,weak_against,Samira,50.00%,10
Vladimir,MID,strong_against,Taliyah,68.06%,1
Vladimir,MID,strong_against,Jayce,67.65%,2
Vladimir,MID,strong_against,Mel,63.38%,3
Vladimir,MID,strong_against,Gangplank,61.54%,4
Vladimir,MID,strong_against,Yasuo,56.75%,5
Vladimir,MID,strong_against,LeBlanc,56.67%,6
Vladimir,MID,strong_against,Vex,56.30%,7
Vladimir,MID,strong_against,Ekko,55.93%,8
Vladimir,MID,strong_against,Katarina,55.27%,9
Vladimir,MID,strong_against,Swain,55.26%,10
Vladimir,MID,weak_against,Cassiopeia,44.92%,1
Vladimir,MID,weak_against,Lissandra,45.19%,2
Vladimir,MID,weak_against,Tristana,46.34%,3
Vladimir,MID,weak_against,Akali,46.62%,4
Vladimir,MID,weak_against,Gwen,46.67%,5
Vladimir,MID,weak_against,Aurelion Sol,46.79%,6
Vladimir,MID,weak_against,Nasus,46.83%,7
Vladimir,MID,weak_against,Lux,46.93%,8
Vladimir,MID,weak_against,Pantheon,47.06%,9
Vladimir,MID,weak_against,Annie,47.44%,10
Vladimir,TOP,strong_against,Kled,61.90%,1
Vladimir,TOP,strong_against,Sion,61.11%,2
Vladimir,TOP,strong_against,Jayce,61.04%,3
Vladimir,TOP,strong_against,Riven,60.61%,4
Vladimir,TOP,strong_against,K'Sante,58.70%,5
Vladimir,TOP,strong_against,Urgot,57.78%,6
Vladimir,TOP,strong_against,Cho'Gath,57.78%,7
Vladimir,TOP,strong_against,Fiora,57.14%,8
Vladimir,TOP,strong_against,Kennen,55.81%,9
Vladimir,TOP,strong_against,Malphite,55.74%,10
Vladimir,TOP,weak_against,Renekton,34.92%,1
Vladimir,TOP,weak_against,Olaf,35.14%,2
Vladimir,TOP,weak_against,Shen,37.25%,3
Vladimir,TOP,weak_against,Yorick,37.78%,4
Vladimir,TOP,weak_against,Tahm Kench,38.24%,5
Vladimir,TOP,weak_against,Aatrox,38.82%,6
Vladimir,TOP,weak_against,Zaahen,41.67%,7
Vladimir,TOP,weak_against,Nasus,43.05%,8
Vladimir,TOP,weak_against,Ambessa,43.14%,9
Vladimir,TOP,weak_against,Tryndamere,43.24%,10
Volibear,JUNGLE,strong_against,Bel'Veth,60.38%,1
Volibear,JUNGLE,strong_against,Lee Sin,58.62%,2
Volibear,JUNGLE,strong_against,Shaco,56.36%,3
Volibear,JUNGLE,strong_against,Nunu & Willump,55.26%,4
Volibear,JUNGLE,strong_against,Hecarim,54.95%,5
Volibear,JUNGLE,strong_against,Viego,53.26%,6
Volibear,JUNGLE,strong_against,Warwick,52.94%,7
Volibear,JUNGLE,strong_against,Graves,52.29%,8
Volibear,JUNGLE,strong_against,Rengar,52.08%,9
Volibear,JUNGLE,strong_against,Briar,51.89%,10
Volibear,JUNGLE,weak_against,Amumu,32.35%,1
Volibear,JUNGLE,weak_against,Sejuani,40.00%,2
Volibear,JUNGLE,weak_against,Wukong,42.86%,3
Volibear,JUNGLE,weak_against,Zac,43.24%,4
Volibear,JUNGLE,weak_against,Qiyana,43.24%,5
Volibear,JUNGLE,weak_against,Kha'Zix,43.40%,6
Volibear,JUNGLE,weak_against,Master Yi,43.86%,7
Volibear,JUNGLE,weak_against,Naafiri,44.12%,8
Volibear,JUNGLE,weak_against,Talon,45.71%,9
Volibear,JUNGLE,weak_against,Sylas,45.88%,10
Volibear,TOP,strong_against,Riven,64.37%,1
Volibear,TOP,strong_against,Irelia,58.99%,2
Volibear,TOP,strong_against,Yasuo,58.21%,3
Volibear,TOP,strong_against,Warwick,57.63%,4
Volibear,TOP,strong_against,Tahm Kench,57.53%,5
Volibear,TOP,strong_against,Pantheon,55.96%,6
Volibear,TOP,strong_against,Tryndamere,55.40%,7
Volibear,TOP,strong_against,Akali,54.84%,8
Volibear,TOP,strong_against,Ambessa,53.79%,9
Volibear,TOP,strong_against,Yorick,53.78%,10
Volibear,TOP,weak_against,Gragas,35.38%,1
Volibear,TOP,weak_against,Poppy,37.14%,2
Volibear,TOP,weak_against,Kayle,38.37%,3
Volibear,TOP,weak_against,Teemo,39.20%,4
Volibear,TOP,weak_against,Kennen,40.66%,5
Volibear,TOP,weak_against,Jax,42.28%,6
Volibear,TOP,weak_against,Illaoi,42.86%,7
Volibear,TOP,weak_against,Shen,43.05%,8
Volibear,TOP,weak_against,Rumble,43.40%,9
Volibear,TOP,weak_against,Jayce,43.61%,10
Warwick,JUNGLE,strong_against,Qiyana,65.03%,1
Warwick,JUNGLE,strong_against,Aatrox,60.87%,2
Warwick,JUNGLE,strong_against,Rengar,60.00%,3
Warwick,JUNGLE,strong_against,Sylas,59.40%,4
Warwick,JUNGLE,strong_against,Vi,57.07%,5
Warwick,JUNGLE,strong_against,Master Yi,56.41%,6
Warwick,JUNGLE,strong_against,Bel'Veth,56.38%,7
Warwick,JUNGLE,strong_against,Naafiri,56.34%,8
Warwick,JUNGLE,strong_against,Kindred,56.10%,9
Warwick,JUNGLE,strong_against,Evelynn,55.95%,10
Warwick,JUNGLE,weak_against,Ambessa,38.89%,1
Warwick,JUNGLE,weak_against,Shaco,43.02%,2
Warwick,JUNGLE,weak_against,Zac,43.20%,3
Warwick,JUNGLE,weak_against,Ivern,43.28%,4
Warwick,JUNGLE,weak_against,Cho'Gath,43.48%,5
Warwick,JUNGLE,weak_against,Karthus,44.74%,6
Warwick,JUNGLE,weak_against,Briar,45.18%,7
Warwick,JUNGLE,weak_against,Lillia,47.02%,8
Warwick,JUNGLE,weak_against,Volibear,47.06%,9
Warwick,JUNGLE,weak_against,Skarner,47.22%,10
Warwick,TOP,strong_against,Sion,64.71%,1
Warwick,TOP,strong_against,Yorick,63.74%,2
Warwick,TOP,strong_against,Tahm Kench,62.50%,3
Warwick,TOP,strong_against,Camille,62.22%,4
Warwick,TOP,strong_against,Fiora,59.76%,5
Warwick,TOP,strong_against,Yasuo,59.65%,6
Warwick,TOP,strong_against,Ornn,59.32%,7
Warwick,TOP,strong_against,Riven,57.50%,8
Warwick,TOP,strong_against,Trundle,56.25%,9
Warwick,TOP,strong_against,Cho'Gath,55.81%,10
Warwick,TOP,weak_against,Pantheon,37.14%,1
Warwick,TOP,weak_against,Dr. Mundo,38.64%,2
Warwick,TOP,weak_against,Tryndamere,39.34%,3
Warwick,TOP,weak_against,K'Sante,39.73%,4
Warwick,TOP,weak_against,Illaoi,40.00%,5
Warwick,TOP,weak_against,Garen,43.24%,6
Warwick,TOP,weak_against,Volibear,44.64%,7
Warwick,TOP,weak_against,Urgot,44.90%,8
Warwick,TOP,weak_against,Jayce,45.05%,9
Warwick,TOP,weak_against,Singed,45.24%,10
Xayah,ADC,strong_against,Aurelion Sol,63.64%,1
Xayah,ADC,strong_against,Mel,59.02%,2
Xayah,ADC,strong_against,Nilah,58.54%,3
Xayah,ADC,strong_against,Kog'Maw,57.30%,4
Xayah,ADC,strong_against,Lux,57.14%,5
Xayah,ADC,strong_against,Vayne,55.79%,6
Xayah,ADC,strong_against,Sivir,54.89%,7
Xayah,ADC,strong_against,Varus,54.87%,8
Xayah,ADC,strong_against,Aphelios,54.07%,9
Xayah,ADC,strong_against,Karthus,53.85%,10
Xayah,ADC,weak_against,Senna,36.36%,1
Xayah,ADC,weak_against,Syndra,43.55%,2
Xayah,ADC,weak_against,Seraphine,44.23%,3
Xayah,ADC,weak_against,Zeri,44.79%,4
Xayah,ADC,weak_against,Ziggs,44.90%,5
Xayah,ADC,weak_against,Veigar,45.92%,6
Xayah,ADC,weak_against,Hwei,47.22%,7
Xayah,ADC,weak_against,Tristana,47.87%,8
Xayah,ADC,weak_against,Vladimir,48.57%,9
Xayah,ADC,weak_against,Xerath,49.40%,10
Xerath,MID,strong_against,Cassiopeia,62.26%,1
Xerath,MID,strong_against,Mel,59.48%,2
Xerath,MID,strong_against,Veigar,58.73%,3
Xerath,MID,strong_against,Taliyah,57.83%,4
Xerath,MID,strong_against,Ziggs,57.45%,5
Xerath,MID,strong_against,Vel'Koz,56.72%,6
Xerath,MID,strong_against,Ryze,56.58%,7
Xerath,MID,strong_against,Gwen,54.72%,8
Xerath,MID,strong_against,Tristana,54.17%,9
Xerath,MID,strong_against,Malzahar,53.56%,10
Xerath,MID,weak_against,Talon,38.74%,1
Xerath,MID,weak_against,Brand,41.18%,2
Xerath,MID,weak_against,Fizz,44.25%,3
Xerath,MID,weak_against,Aurora,44.34%,4
Xerath,MID,weak_against,Nasus,44.44%,5
Xerath,MID,weak_against,Ekko,45.39%,6
Xerath,MID,weak_against,Zed,46.62%,7
Xerath,MID,weak_against,Swain,47.06%,8
Xerath,MID,weak_against,Vex,47.20%,9
Xerath,MID,weak_against,LeBlanc,47.34%,10
Xerath,SUPPORT,strong_against,Morgana,61.08%,1
Xerath,SUPPORT,strong_against,Shen,57.45%,2
Xerath,SUPPORT,strong_against,Senna,54.09%,3
Xerath,SUPPORT,strong_against,Vel'Koz,53.85%,4
Xerath,SUPPORT,strong_against,Zyra,53.26%,5
Xerath,SUPPORT,strong_against,Camille,52.63%,6
Xerath,SUPPORT,strong_against,Taric,51.06%,7
Xerath,SUPPORT,strong_against,Bard,50.74%,8
Xerath,SUPPORT,strong_against,Blitzcrank,50.50%,9
Xerath,SUPPORT,strong_against,Seraphine,50.27%,10
Xerath,SUPPORT,weak_against,Zoe,28.13%,1
Xerath,SUPPORT,weak_against,Sona,36.36%,2
Xerath,SUPPORT,weak_against,Galio,38.46%,3
Xerath,SUPPORT,weak_against,Janna,40.00%,4
Xerath,SUPPORT,weak_against,Hwei,40.00%,5
Xerath,SUPPORT,weak_against,Renata Glasc,40.00%,6
Xerath,SUPPORT,weak_against,Rell,41.46%,7
Xerath,SUPPORT,weak_against,LeBlanc,41.46%,8
Xerath,SUPPORT,weak_against,Shaco,41.51%,9
Xerath,SUPPORT,weak_against,Soraka,41.82%,10
Xin Zhao,JUNGLE,strong_against,Nunu & Willump,67.16%,1
Xin Zhao,JUNGLE,strong_against,Trundle,62.22%,2
Xin Zhao,JUNGLE,strong_against,Jax,61.04%,3
Xin Zhao,JUNGLE,strong_against,Cho'Gath,60.78%,4
Xin Zhao,JUNGLE,strong_against,Taliyah,59.18%,5
Xin Zhao,JUNGLE,strong_against,Skarner,58.33%,6
Xin Zhao,JUNGLE,strong_against,Udyr,57.14%,7
Xin Zhao,JUNGLE,strong_against,Sejuani,57.14%,8
Xin Zhao,JUNGLE,strong_against,Aatrox,57.14%,9
Xin Zhao,JUNGLE,strong_against,Kindred,55.88%,10
Xin Zhao,JUNGLE,weak_against,Ambessa,29.73%,1
Xin Zhao,JUNGLE,weak_against,Ivern,33.33%,2
Xin Zhao,JUNGLE,weak_against,Rammus,35.56%,3
Xin Zhao,JUNGLE,weak_against,Evelynn,41.67%,4
Xin Zhao,JUNGLE,weak_against,Lillia,42.34%,5
Xin Zhao,JUNGLE,weak_against,Zac,42.45%,6
Xin Zhao,JUNGLE,weak_against,Briar,42.50%,7
Xin Zhao,JUNGLE,weak_against,Kha'Zix,43.20%,8
Xin Zhao,JUNGLE,weak_against,Hecarim,44.28%,9
Xin Zhao,JUNGLE,weak_against,Elise,44.29%,10
Yasuo,ADC,strong_against,Mel,59.32%,1
Yasuo,ADC,strong_against,Ezreal,59.25%,2
Yasuo,ADC,strong_against,Zeri,58.97%,3
Yasuo,ADC,strong_against,Lux,56.67%,4
Yasuo,ADC,strong_against,Lucian,56.38%,5
Yasuo,ADC,strong_against,Miss Fortune,55.90%,6
Yasuo,ADC,strong_against,Xerath,54.55%,7
Yasuo,ADC,strong_against,Caitlyn,53.92%,8
Yasuo,ADC,strong_against,Sivir,53.52%,9
Yasuo,ADC,strong_against,Jhin,53.40%,10
Yasuo,ADC,weak_against,Aurelion Sol,30.56%,1
Yasuo,ADC,weak_against,Katarina,38.98%,2
Yasuo,ADC,weak_against,Hwei,40.00%,3
Yasuo,ADC,weak_against,Aphelios,41.79%,4
Yasuo,ADC,weak_against,Veigar,42.05%,5
Yasuo,ADC,weak_against,Samira,42.74%,6
Yasuo,ADC,weak_against,Nilah,42.86%,7
Yasuo,ADC,weak_against,Swain,44.74%,8
Yasuo,ADC,weak_against,Ziggs,45.16%,9
Yasuo,ADC,weak_against,Viktor,46.32%,10
Yasuo,MID,strong_against,Mel,62.37%,1
Yasuo,MID,strong_against,Akshan,60.25%,2
Yasuo,MID,strong_against,Ryze,54.27%,3
Yasuo,MID,strong_against,Zoe,53.66%,4
Yasuo,MID,strong_against,Sylas,52.99%,5
Yasuo,MID,strong_against,Locke,52.85%,6
Yasuo,MID,strong_against,Tristana,52.73%,7
Yasuo,MID,strong_against,Ekko,52.52%,8
Yasuo,MID,strong_against,Lux,52.21%,9
Yasuo,MID,strong_against,Qiyana,52.18%,10
Yasuo,MID,weak_against,Riven,31.25%,1
Yasuo,MID,weak_against,Vex,41.85%,2
Yasuo,MID,weak_against,Vel'Koz,42.50%,3
Yasuo,MID,weak_against,Lissandra,43.14%,4
Yasuo,MID,weak_against,Vladimir,43.25%,5
Yasuo,MID,weak_against,Nasus,43.84%,6
Yasuo,MID,weak_against,Orianna,45.83%,7
Yasuo,MID,weak_against,Irelia,45.85%,8
Yasuo,MID,weak_against,Gangplank,45.88%,9
Yasuo,MID,weak_against,Anivia,45.94%,10
Yasuo,TOP,strong_against,Vayne,66.92%,1
Yasuo,TOP,strong_against,Tahm Kench,62.69%,2
Yasuo,TOP,strong_against,Dr. Mundo,58.33%,3
Yasuo,TOP,strong_against,Varus,57.69%,4
Yasuo,TOP,strong_against,Akali,56.49%,5
Yasuo,TOP,strong_against,Rumble,55.29%,6
Yasuo,TOP,strong_against,Ambessa,55.11%,7
Yasuo,TOP,strong_against,Anivia,54.90%,8
Yasuo,TOP,strong_against,Mordekaiser,54.64%,9
Yasuo,TOP,strong_against,Gnar,54.30%,10
Yasuo,TOP,weak_against,Singed,35.79%,1
Yasuo,TOP,weak_against,Kled,36.36%,2
Yasuo,TOP,weak_against,Olaf,40.16%,3
Yasuo,TOP,weak_against,Kayle,40.28%,4
Yasuo,TOP,weak_against,Warwick,41.07%,5
Yasuo,TOP,weak_against,Darius,42.63%,6
Yasuo,TOP,weak_against,Sett,43.12%,7
Yasuo,TOP,weak_against,Nasus,43.27%,8
Yasuo,TOP,weak_against,Volibear,43.80%,9
Yasuo,TOP,weak_against,Malphite,43.99%,10
Yone,MID,strong_against,Pantheon,60.49%,1
Yone,MID,strong_against,Naafiri,57.61%,2
Yone,MID,strong_against,Ryze,57.35%,3
Yone,MID,strong_against,Kassadin,55.59%,4
Yone,MID,strong_against,Nasus,55.56%,5
Yone,MID,strong_against,Aurelion Sol,55.32%,6
Yone,MID,strong_against,Anivia,54.66%,7
Yone,MID,strong_against,Garen,53.13%,8
Yone,MID,strong_against,Talon,52.97%,9
Yone,MID,strong_against,Azir,52.61%,10
Yone,MID,weak_against,Malphite,39.64%,1
Yone,MID,weak_against,LeBlanc,39.70%,2
Yone,MID,weak_against,Tristana,40.37%,3
Yone,MID,weak_against,Lissandra,41.35%,4
Yone,MID,weak_against,Cassiopeia,42.66%,5
Yone,MID,weak_against,Jayce,43.96%,6
Yone,MID,weak_against,Katarina,43.99%,7
Yone,MID,weak_against,Taliyah,44.17%,8
Yone,MID,weak_against,Mel,44.38%,9
Yone,MID,weak_against,Vladimir,44.92%,10
Yone,TOP,strong_against,Rumble,57.94%,1
Yone,TOP,strong_against,Dr. Mundo,56.89%,2
Yone,TOP,strong_against,Poppy,55.56%,3
Yone,TOP,strong_against,Gwen,54.93%,4
Yone,TOP,strong_against,Yorick,54.83%,5
Yone,TOP,strong_against,Anivia,54.13%,6
Yone,TOP,strong_against,Sion,53.94%,7
Yone,TOP,strong_against,Kennen,53.09%,8
Yone,TOP,strong_against,Aatrox,53.06%,9
Yone,TOP,strong_against,Kayle,52.97%,10
Yone,TOP,weak_against,Jax,43.33%,1
Yone,TOP,weak_against,Olaf,43.75%,2
Yone,TOP,weak_against,Sett,43.95%,3
Yone,TOP,weak_against,Gangplank,44.03%,4
Yone,TOP,weak_against,Urgot,44.05%,5
Yone,TOP,weak_against,Wukong,45.37%,6
Yone,TOP,weak_against,Irelia,46.05%,7
Yone,TOP,weak_against,Warwick,46.10%,8
Yone,TOP,weak_against,Gnar,46.52%,9
Yone,TOP,weak_against,Darius,46.85%,10
Yorick,TOP,strong_against,Vladimir,63.04%,1
Yorick,TOP,strong_against,Vayne,59.38%,2
Yorick,TOP,strong_against,Pantheon,58.70%,3
Yorick,TOP,strong_against,Rumble,58.14%,4
Yorick,TOP,strong_against,Tahm Kench,56.52%,5
Yorick,TOP,strong_against,Kennen,55.95%,6
Yorick,TOP,strong_against,Gnar,55.84%,7
Yorick,TOP,strong_against,Kayle,54.84%,8
Yorick,TOP,strong_against,Cho'Gath,54.73%,9
Yorick,TOP,strong_against,Aatrox,54.19%,10
Yorick,TOP,weak_against,Warwick,36.26%,1
Yorick,TOP,weak_against,Singed,40.74%,2
Yorick,TOP,weak_against,Wukong,42.86%,3
Yorick,TOP,weak_against,Riven,43.48%,4
Yorick,TOP,weak_against,Jax,43.96%,5
Yorick,TOP,weak_against,Yone,44.42%,6
Yorick,TOP,weak_against,Teemo,44.81%,7
Yorick,TOP,weak_against,Irelia,45.05%,8
Yorick,TOP,weak_against,Camille,45.52%,9
Yorick,TOP,weak_against,Renekton,45.70%,10
Yunara,ADC,strong_against,Vayne,59.46%,1
Yunara,ADC,strong_against,Brand,57.89%,2
Yunara,ADC,strong_against,Kalista,57.19%,3
Yunara,ADC,strong_against,Varus,56.13%,4
Yunara,ADC,strong_against,Ezreal,53.59%,5
Yunara,ADC,strong_against,Smolder,53.31%,6
Yunara,ADC,strong_against,Sivir,52.49%,7
Yunara,ADC,strong_against,Samira,52.22%,8
Yunara,ADC,strong_against,Ziggs,52.04%,9
Yunara,ADC,strong_against,Vladimir,51.95%,10
Yunara,ADC,weak_against,Senna,41.77%,1
Yunara,ADC,weak_against,Karthus,44.00%,2
Yunara,ADC,weak_against,Lux,44.74%,3
Yunara,ADC,weak_against,Swain,45.54%,4
Yunara,ADC,weak_against,Tristana,45.93%,5
Yunara,ADC,weak_against,Nilah,46.09%,6
Yunara,ADC,weak_against,Syndra,46.91%,7
Yunara,ADC,weak_against,Xerath,46.96%,8
Yunara,ADC,weak_against,Veigar,47.09%,9
Yunara,ADC,weak_against,Twitch,47.26%,10
Yuumi,SUPPORT,strong_against,Mel,62.86%,1
Yuumi,SUPPORT,strong_against,Swain,62.20%,2
Yuumi,SUPPORT,strong_against,Ashe,61.90%,3
Yuumi,SUPPORT,strong_against,Renata Glasc,57.81%,4
Yuumi,SUPPORT,strong_against,Sylas,56.48%,5
Yuumi,SUPPORT,strong_against,Maokai,56.20%,6
Yuumi,SUPPORT,strong_against,Vel'Koz,53.80%,7
Yuumi,SUPPORT,strong_against,LeBlanc,52.31%,8
Yuumi,SUPPORT,strong_against,Camille,51.75%,9
Yuumi,SUPPORT,strong_against,Soraka,51.64%,10
Yuumi,SUPPORT,weak_against,Hwei,36.11%,1
Yuumi,SUPPORT,weak_against,Teemo,37.14%,2
Yuumi,SUPPORT,weak_against,Shaco,39.36%,3
Yuumi,SUPPORT,weak_against,Shen,40.21%,4
Yuumi,SUPPORT,weak_against,Galio,40.28%,5
Yuumi,SUPPORT,weak_against,Nautilus,40.53%,6
Yuumi,SUPPORT,weak_against,Tahm Kench,41.74%,7
Yuumi,SUPPORT,weak_against,Braum,42.08%,8
Yuumi,SUPPORT,weak_against,Neeko,42.99%,9
Yuumi,SUPPORT,weak_against,Morgana,43.02%,10
Zaahen,TOP,strong_against,Vladimir,60.00%,1
Zaahen,TOP,strong_against,Darius,56.54%,2
Zaahen,TOP,strong_against,Jayce,54.73%,3
Zaahen,TOP,strong_against,Pantheon,54.31%,4
Zaahen,TOP,strong_against,Akali,53.33%,5
Zaahen,TOP,strong_against,Gnar,52.99%,6
Zaahen,TOP,strong_against,Ambessa,52.94%,7
Zaahen,TOP,strong_against,Volibear,52.89%,8
Zaahen,TOP,strong_against,Riven,52.38%,9
Zaahen,TOP,strong_against,Yorick,52.25%,10
Zaahen,TOP,weak_against,Trundle,36.51%,1
Zaahen,TOP,weak_against,Teemo,39.87%,2
Zaahen,TOP,weak_against,Urgot,41.33%,3
Zaahen,TOP,weak_against,Gragas,44.00%,4
Zaahen,TOP,weak_against,Dr. Mundo,44.19%,5
Zaahen,TOP,weak_against,Tryndamere,44.27%,6
Zaahen,TOP,weak_against,Sett,44.93%,7
Zaahen,TOP,weak_against,Warwick,45.00%,8
Zaahen,TOP,weak_against,Rumble,45.45%,9
Zaahen,TOP,weak_against,Singed,45.56%,10
Zac,JUNGLE,strong_against,Aatrox,68.75%,1
Zac,JUNGLE,strong_against,Nunu & Willump,60.00%,2
Zac,JUNGLE,strong_against,Trundle,58.18%,3
Zac,JUNGLE,strong_against,Xin Zhao,57.55%,4
Zac,JUNGLE,strong_against,Warwick,56.80%,5
Zac,JUNGLE,strong_against,Graves,56.55%,6
Zac,JUNGLE,strong_against,Diana,56.25%,7
Zac,JUNGLE,strong_against,Qiyana,56.06%,8
Zac,JUNGLE,strong_against,Nidalee,55.00%,9
Zac,JUNGLE,strong_against,Quinn,54.84%,10
Zac,JUNGLE,weak_against,Wukong,40.94%,1
Zac,JUNGLE,weak_against,Zyra,42.86%,2
Zac,JUNGLE,weak_against,Darius,42.86%,3
Zac,JUNGLE,weak_against,Karthus,43.14%,4
Zac,JUNGLE,weak_against,Rammus,43.48%,5
Zac,JUNGLE,weak_against,Jax,43.66%,6
Zac,JUNGLE,weak_against,Lillia,45.64%,7
Zac,JUNGLE,weak_against,Ekko,47.28%,8
Zac,JUNGLE,weak_against,Jayce,47.76%,9
Zac,JUNGLE,weak_against,Skarner,47.83%,10
Zed,JUNGLE,strong_against,Locke,70.73%,1
Zed,JUNGLE,strong_against,Taliyah,65.71%,2
Zed,JUNGLE,strong_against,Ivern,57.50%,3
Zed,JUNGLE,strong_against,Lillia,56.98%,4
Zed,JUNGLE,strong_against,Jayce,53.85%,5
Zed,JUNGLE,strong_against,Shyvana,53.06%,6
Zed,JUNGLE,strong_against,Aatrox,52.38%,7
Zed,JUNGLE,strong_against,Jax,51.79%,8
Zed,JUNGLE,strong_against,Pantheon,51.61%,9
Zed,JUNGLE,strong_against,Kayn,51.39%,10
Zed,JUNGLE,weak_against,Shaco,38.67%,1
Zed,JUNGLE,weak_against,Briar,39.57%,2
Zed,JUNGLE,weak_against,Rengar,40.43%,3
Zed,JUNGLE,weak_against,Zyra,40.82%,4
Zed,JUNGLE,weak_against,Rek'Sai,41.03%,5
Zed,JUNGLE,weak_against,Bel'Veth,41.18%,6
Zed,JUNGLE,weak_against,Diana,42.19%,7
Zed,JUNGLE,weak_against,Kindred,42.35%,8
Zed,JUNGLE,weak_against,Quinn,43.10%,9
Zed,JUNGLE,weak_against,Master Yi,43.46%,10
Zed,MID,strong_against,Taliyah,60.71%,1
Zed,MID,strong_against,Mel,56.95%,2
Zed,MID,strong_against,Aurora,55.14%,3
Zed,MID,strong_against,Ryze,55.02%,4
Zed,MID,strong_against,Orianna,54.81%,5
Zed,MID,strong_against,Naafiri,53.85%,6
Zed,MID,strong_against,Xerath,53.38%,7
Zed,MID,strong_against,Tristana,53.26%,8
Zed,MID,strong_against,Syndra,53.13%,9
Zed,MID,strong_against,Cassiopeia,53.11%,10
Zed,MID,weak_against,Jayce,38.00%,1
Zed,MID,weak_against,Azir,44.18%,2
Zed,MID,weak_against,Pantheon,44.23%,3
Zed,MID,weak_against,Nasus,44.63%,4
Zed,MID,weak_against,Malphite,44.86%,5
Zed,MID,weak_against,Akshan,44.88%,6
Zed,MID,weak_against,Diana,45.18%,7
Zed,MID,weak_against,Garen,45.36%,8
Zed,MID,weak_against,Katarina,45.53%,9
Zed,MID,weak_against,Riven,46.15%,10
Zeri,ADC,strong_against,Mel,65.59%,1
Zeri,ADC,strong_against,Corki,60.39%,2
Zeri,ADC,strong_against,Brand,57.14%,3
Zeri,ADC,strong_against,Smolder,57.01%,4
Zeri,ADC,strong_against,Ezreal,56.72%,5
Zeri,ADC,strong_against,Miss Fortune,56.10%,6
Zeri,ADC,strong_against,Xerath,55.65%,7
Zeri,ADC,strong_against,Xayah,55.21%,8
Zeri,ADC,strong_against,Twitch,54.23%,9
Zeri,ADC,strong_against,Karthus,53.85%,10
Zeri,ADC,weak_against,Aurelion Sol,40.35%,1
Zeri,ADC,weak_against,Kalista,40.59%,2
Zeri,ADC,weak_against,Yasuo,41.03%,3
Zeri,ADC,weak_against,Draven,43.02%,4
Zeri,ADC,weak_against,Jinx,45.66%,5
Zeri,ADC,weak_against,Vladimir,46.34%,6
Zeri,ADC,weak_against,Ziggs,46.81%,7
Zeri,ADC,weak_against,Syndra,47.06%,8
Zeri,ADC,weak_against,Tristana,47.54%,9
Zeri,ADC,weak_against,Ashe,47.55%,10
Ziggs,ADC,strong_against,Vayne,58.51%,1
Ziggs,ADC,strong_against,Smolder,57.14%,2
Ziggs,ADC,strong_against,Ashe,56.41%,3
Ziggs,ADC,strong_against,Samira,56.20%,4
Ziggs,ADC,strong_against,Xayah,55.10%,5
Ziggs,ADC,strong_against,Yasuo,54.84%,6
Ziggs,ADC,strong_against,Ezreal,54.65%,7
Ziggs,ADC,strong_against,Caitlyn,54.53%,8
Ziggs,ADC,strong_against,Vladimir,54.05%,9
Ziggs,ADC,strong_against,Sivir,53.80%,10
Ziggs,ADC,weak_against,Corki,30.77%,1
Ziggs,ADC,weak_against,Swain,35.29%,2
Ziggs,ADC,weak_against,Kalista,38.16%,3
Ziggs,ADC,weak_against,Hwei,41.43%,4
Ziggs,ADC,weak_against,Kog'Maw,41.54%,5
Ziggs,ADC,weak_against,Veigar,41.76%,6
Ziggs,ADC,weak_against,Tristana,45.76%,7
Ziggs,ADC,weak_against,Kai'Sa,45.86%,8
Ziggs,ADC,weak_against,Lux,45.95%,9
Ziggs,ADC,weak_against,Aurelion Sol,46.67%,10
Ziggs,MID,strong_against,Hwei,56.76%,1
Ziggs,MID,strong_against,Syndra,54.17%,2
Ziggs,MID,strong_against,Ahri,50.00%,3
Ziggs,MID,strong_against,Veigar,47.37%,4
Ziggs,MID,strong_against,Akali,47.22%,5
Ziggs,MID,strong_against,Malzahar,46.94%,6
Ziggs,MID,strong_against,Lissandra,46.34%,7
Ziggs,MID,strong_against,Viktor,45.45%,8
Ziggs,MID,strong_against,Yasuo,45.45%,9
Ziggs,MID,strong_against,Katarina,45.10%,10
Ziggs,MID,weak_against,Sylas,30.23%,1
Ziggs,MID,weak_against,Zed,35.85%,2
Ziggs,MID,weak_against,Twisted Fate,36.36%,3
Ziggs,MID,weak_against,Fizz,38.24%,4
Ziggs,MID,weak_against,LeBlanc,41.46%,5
Ziggs,MID,weak_against,Xerath,42.55%,6
Ziggs,MID,weak_against,Yone,43.64%,7
Ziggs,MID,weak_against,Locke,45.00%,8
Ziggs,MID,weak_against,Katarina,45.10%,9
Ziggs,MID,weak_against,Viktor,45.45%,10
Zilean,SUPPORT,strong_against,Elise,60.53%,1
Zilean,SUPPORT,strong_against,Zoe,57.78%,2
Zilean,SUPPORT,strong_against,Camille,57.14%,3
Zilean,SUPPORT,strong_against,Shen,56.52%,4
Zilean,SUPPORT,strong_against,Xerath,56.41%,5
Zilean,SUPPORT,strong_against,Blitzcrank,55.60%,6
Zilean,SUPPORT,strong_against,Galio,55.00%,7
Zilean,SUPPORT,strong_against,Milio,54.55%,8
Zilean,SUPPORT,strong_against,Shaco,54.41%,9
Zilean,SUPPORT,strong_against,Swain,54.08%,10
Zilean,SUPPORT,weak_against,Neeko,35.00%,1
Zilean,SUPPORT,weak_against,Tahm Kench,42.53%,2
Zilean,SUPPORT,weak_against,Sona,43.52%,3
Zilean,SUPPORT,weak_against,Brand,45.56%,4
Zilean,SUPPORT,weak_against,Vel'Koz,47.11%,5
Zilean,SUPPORT,weak_against,Rell,47.93%,6
Zilean,SUPPORT,weak_against,Thresh,48.58%,7
Zilean,SUPPORT,weak_against,Leona,48.76%,8
Zilean,SUPPORT,weak_against,Senna,49.02%,9
Zilean,SUPPORT,weak_against,Seraphine,49.66%,10
Zoe,MID,strong_against,Ryze,66.09%,1
Zoe,MID,strong_against,Aurelion Sol,61.40%,2
Zoe,MID,strong_against,Azir,60.34%,3
Zoe,MID,strong_against,Mel,57.53%,4
Zoe,MID,strong_against,Tristana,56.10%,5
Zoe,MID,strong_against,Syndra,55.95%,6
Zoe,MID,strong_against,Orianna,54.84%,7
Zoe,MID,strong_against,Nasus,54.79%,8
Zoe,MID,strong_against,Lissandra,54.69%,9
Zoe,MID,strong_against,Gwen,54.55%,10
Zoe,MID,weak_against,Ekko,41.41%,1
Zoe,MID,weak_against,Veigar,42.11%,2
Zoe,MID,weak_against,Lux,44.74%,3
Zoe,MID,weak_against,Talon,45.05%,4
Zoe,MID,weak_against,Jayce,45.16%,5
Zoe,MID,weak_against,Aurora,45.24%,6
Zoe,MID,weak_against,Malzahar,45.51%,7
Zoe,MID,weak_against,Vex,46.30%,8
Zoe,MID,weak_against,Yasuo,46.34%,9
Zoe,MID,weak_against,LeBlanc,46.40%,10
Zoe,SUPPORT,strong_against,Xerath,71.88%,1
Zoe,SUPPORT,strong_against,Vel'Koz,58.06%,2
Zoe,SUPPORT,strong_against,Camille,57.14%,3
Zoe,SUPPORT,strong_against,Seraphine,56.44%,4
Zoe,SUPPORT,strong_against,Lux,55.71%,5
Zoe,SUPPORT,strong_against,Nami,55.00%,6
Zoe,SUPPORT,strong_against,Senna,54.69%,7
Zoe,SUPPORT,strong_against,Leona,54.55%,8
Zoe,SUPPORT,strong_against,Pyke,54.44%,9
Zoe,SUPPORT,strong_against,Thresh,52.33%,10
Zoe,SUPPORT,weak_against,Sona,37.84%,1
Zoe,SUPPORT,weak_against,Braum,38.64%,2
Zoe,SUPPORT,weak_against,Zilean,42.22%,3
Zoe,SUPPORT,weak_against,Morgana,42.59%,4
Zoe,SUPPORT,weak_against,Rell,42.86%,5
Zoe,SUPPORT,weak_against,Janna,43.18%,6
Zoe,SUPPORT,weak_against,Pantheon,43.18%,7
Zoe,SUPPORT,weak_against,Alistar,43.48%,8
Zoe,SUPPORT,weak_against,Karma,44.68%,9
Zoe,SUPPORT,weak_against,Soraka,44.83%,10
Zyra,JUNGLE,strong_against,Naafiri,64.89%,1
Zyra,JUNGLE,strong_against,Wukong,60.38%,2
Zyra,JUNGLE,strong_against,Zed,59.18%,3
Zyra,JUNGLE,strong_against,Kha'Zix,58.72%,4
Zyra,JUNGLE,strong_against,Qiyana,58.25%,5
Zyra,JUNGLE,strong_against,Ekko,57.78%,6
Zyra,JUNGLE,strong_against,Graves,57.14%,7
Zyra,JUNGLE,strong_against,Zac,57.14%,8
Zyra,JUNGLE,strong_against,Kayn,56.59%,9
Zyra,JUNGLE,strong_against,Ivern,56.25%,10
Zyra,JUNGLE,weak_against,Aatrox,38.24%,1
Zyra,JUNGLE,weak_against,Fiddlesticks,43.59%,2
Zyra,JUNGLE,weak_against,Bel'Veth,44.59%,3
Zyra,JUNGLE,weak_against,Rengar,44.68%,4
Zyra,JUNGLE,weak_against,Jayce,44.93%,5
Zyra,JUNGLE,weak_against,Sejuani,46.94%,6
Zyra,JUNGLE,weak_against,Shyvana,47.00%,7
Zyra,JUNGLE,weak_against,Viego,47.20%,8
Zyra,JUNGLE,weak_against,Xin Zhao,47.37%,9
Zyra,JUNGLE,weak_against,Lillia,47.46%,10
Zyra,SUPPORT,strong_against,Mel,73.33%,1
Zyra,SUPPORT,strong_against,Tahm Kench,58.00%,2
Zyra,SUPPORT,strong_against,Neeko,56.60%,3
Zyra,SUPPORT,strong_against,Pantheon,56.18%,4
Zyra,SUPPORT,strong_against,Janna,55.34%,5
Zyra,SUPPORT,strong_against,Senna,54.44%,6
Zyra,SUPPORT,strong_against,Rakan,53.47%,7
Zyra,SUPPORT,strong_against,Soraka,53.11%,8
Zyra,SUPPORT,strong_against,Lux,52.30%,9
Zyra,SUPPORT,strong_against,Shaco,52.27%,10
Zyra,SUPPORT,weak_against,Galio,39.53%,1
Zyra,SUPPORT,weak_against,Sona,42.17%,2
Zyra,SUPPORT,weak_against,Brand,42.86%,3
Zyra,SUPPORT,weak_against,Maokai,44.00%,4
Zyra,SUPPORT,weak_against,Taric,44.12%,5
Zyra,SUPPORT,weak_against,Alistar,44.44%,6
Zyra,SUPPORT,weak_against,Swain,44.74%,7
Zyra,SUPPORT,weak_against,Karma,44.93%,8
Zyra,SUPPORT,weak_against,Shen,45.71%,9
Zyra,SUPPORT,weak_against,Leona,46.08%,10
